order_item_id,order_id,product_id,quantity,unit_price,discount
9000,5307,999,3,,15.0
9001,5160,,2,,15.0
9002,5415,2156,2,,
9003,5238,999,3,,
9004,5349,999,4,,5.0
9005,5969,,4,,15.0
9006,5311,1943,4,,15.0
9007,6719,999,3,37.02,
9008,6288,999,4,,0.0
9009,5855,1371,4,,0.0
9010,5237,,2,320.31,0.0
9011,6814,,1,,0.0
9012,6021,,2,267.71,
9013,6569,2534,4,,10.0
9014,6418,,1,72.15,5.0
9015,5276,1512,1,,10.0
9016,6760,,4,154.2,5.0
9017,6888,1519,3,338.93,15.0
9018,6687,,2,273.55,
9019,5717,999,4,,15.0
9020,5978,999,3,,15.0
9021,5816,999,2,,5.0
9022,6283,999,3,219.29,0.0
9023,6765,,3,357.44,0.0
9024,6008,,3,,10.0
9025,5276,999,3,271.46,15.0
9026,6937,,4,,0.0
9027,5859,999,2,,5.0
9028,6202,,2,378.32,10.0
9029,6201,999,2,,5.0
9030,6176,999,4,,15.0
9031,6601,1273,3,,10.0
9032,5604,999,2,,0.0
9033,5125,999,4,,10.0
9034,5264,2884,3,102.82,
9035,6455,,1,196.24,
9036,6151,1378,3,140.53,5.0
9037,5419,,4,,15.0
9038,5757,999,2,287.17,
9039,6394,1551,2,,0.0
9040,6479,,3,,
9041,6660,999,2,,5.0
9042,6994,,1,,10.0
9043,5444,,3,,
9044,5483,,2,,10.0
9045,6896,999,3,,10.0
9046,6352,999,1,,
9047,5118,1032,2,,5.0
9048,5031,,1,310.1,5.0
9049,6150,,3,360.2,0.0
9050,6955,999,1,,10.0
9051,5943,,4,,0.0
9052,6108,2617,1,252.86,
9053,5415,,3,,0.0
9054,6084,999,1,,5.0
9055,6309,1821,1,,0.0
9056,6686,999,4,133.07,5.0
9057,6521,999,2,,0.0
9058,6998,999,4,218.75,5.0
9059,6003,,4,,0.0
9060,6500,999,4,,0.0
9061,5131,999,1,,
9062,5728,2267,1,13.33,5.0
9063,5536,1004,1,,5.0
9064,6100,999,2,197.46,15.0
9065,5376,1011,1,,
9066,6246,1849,4,246.7,15.0
9067,5689,2896,2,,
9068,5213,1792,1,,5.0
9069,5653,,2,,0.0
9070,6118,999,3,352.98,5.0
9071,6310,,3,138.67,0.0
9072,5936,999,3,82.15,5.0
9073,5863,999,2,,5.0
9074,6273,,1,206.92,10.0
9075,5173,,4,,0.0
9076,6612,999,1,96.04,
9077,6141,999,3,,10.0
9078,5925,,4,,
9079,6738,,2,17.22,0.0
9080,6234,999,4,,5.0
9081,5942,999,1,,5.0
9082,6409,999,3,,15.0
9083,5722,,2,,5.0
9084,5785,,4,,
9085,6860,999,2,,15.0
9086,6692,999,4,,10.0
9087,6020,999,2,370.7,
9088,6673,999,1,,10.0
9089,6790,999,4,122.7,
9090,5697,2301,2,,15.0
9091,6598,999,3,,
9092,6911,999,4,,
9093,5130,,2,,5.0
9094,6415,999,4,153.42,5.0
9095,5143,999,1,,10.0
9096,5281,999,2,,0.0
9097,5097,,2,,15.0
9098,6087,,4,,10.0
9099,6934,999,4,,15.0
9100,6939,2718,3,,10.0
9101,6742,999,1,361.4,
9102,5347,1975,1,323.16,15.0
9103,5851,999,4,,5.0
9104,6242,,1,337.42,15.0
9105,6834,,1,,15.0
9106,5336,999,4,,10.0
9107,6427,,1,,0.0
9108,6339,,2,274.47,10.0
9109,6762,1814,2,373.96,15.0
9110,6699,999,3,,0.0
9111,5228,,4,97.58,5.0
9112,5690,2431,2,165.55,0.0
9113,6585,,1,,5.0
9114,6972,,2,,
9115,6088,1981,4,,10.0
9116,5444,,3,310.19,
9117,5140,999,2,,
9118,5085,2032,2,227.29,15.0
9119,6606,2000,4,,10.0
9120,6907,2481,4,,15.0
9121,5042,999,4,,
9122,5082,1921,1,,15.0
9123,5467,,3,,15.0
9124,5210,999,3,272.87,
9125,5307,1462,4,,5.0
9126,6180,1206,4,,10.0
9127,6679,,2,,10.0
9128,5278,999,3,,
9129,6115,999,2,294.65,0.0
9130,5469,999,3,,15.0
9131,6211,2179,3,197.73,0.0
9132,6566,1666,3,,0.0
9133,5188,,3,,
9134,6836,999,4,183.14,15.0
9135,6728,2675,1,,0.0
9136,6430,999,1,,15.0
9137,6650,999,2,55.03,
9138,5572,999,4,,5.0
9139,5766,,3,102.93,5.0
9140,5902,,3,184.21,
9141,6859,999,3,,15.0
9142,6787,,1,,
9143,6457,1358,1,,
9144,6009,,3,398.01,5.0
9145,6308,999,3,,0.0
9146,6366,2912,1,,10.0
9147,5838,2280,3,,0.0
9148,5903,1720,2,,5.0
9149,6417,,1,,10.0
9150,6177,1947,4,,0.0
9151,5360,999,1,,
9152,5865,,3,,0.0
9153,5216,999,2,,0.0
9154,5455,1937,1,183.29,15.0
9155,5748,1102,1,11.14,5.0
9156,5178,999,2,25.25,15.0
9157,5412,2093,4,,0.0
9158,6580,2486,4,189.75,15.0
9159,6386,1603,1,,5.0
9160,5701,1916,3,,5.0
9161,6256,999,3,,0.0
9162,5995,2508,1,,0.0
9163,5999,,1,,5.0
9164,5550,,1,,5.0
9165,5215,,2,265.78,5.0
9166,6703,,4,,
9167,6726,,4,,0.0
9168,5516,,2,,0.0
9169,5268,1730,1,316.79,5.0
9170,6323,,3,,0.0
9171,6142,999,4,,0.0
9172,6469,,2,,0.0
9173,6342,999,4,,0.0
9174,5849,1031,3,,15.0
9175,6668,1883,1,342.65,5.0
9176,5712,,3,,0.0
9177,6630,999,3,274.93,
9178,5997,,3,,5.0
9179,6875,,2,,
9180,6645,,1,,15.0
9181,5974,1999,4,,
9182,6413,1649,3,,
9183,6517,1134,3,,15.0
9184,6547,,1,,15.0
9185,6962,999,1,,10.0
9186,6958,2985,1,344.93,15.0
9187,6515,999,1,,0.0
9188,5457,999,3,,5.0
9189,6901,,1,,15.0
9190,5215,,1,,5.0
9191,5027,,4,292.42,5.0
9192,5370,,4,,10.0
9193,6868,999,2,270.13,15.0
9194,6620,999,1,222.17,10.0
9195,6151,2909,4,,0.0
9196,6614,2305,1,,
9197,6227,999,1,,15.0
9198,6240,999,3,,15.0
9199,5760,2234,2,,0.0
9200,6784,2049,1,,15.0
9201,6416,2867,3,,10.0
9202,6313,999,3,134.35,15.0
9203,5265,2221,2,,5.0
9204,6240,999,4,,0.0
9205,5762,999,2,,10.0
9206,6782,,1,,
9207,6886,,2,300.15,5.0
9208,5210,,2,332.36,15.0
9209,6881,,2,,10.0
9210,5332,999,4,114.29,15.0
9211,5408,999,2,,5.0
9212,5554,2516,3,,
9213,6727,,2,,15.0
9214,6530,,2,136.74,5.0
9215,5687,2167,4,267.26,0.0
9216,5846,,2,,
9217,5303,2736,4,,
9218,5246,999,3,,0.0
9219,5703,1256,2,,15.0
9220,6365,,1,336.53,15.0
9221,6116,,2,,5.0
9222,6176,2149,2,,
9223,6704,1073,4,224.94,10.0
9224,5792,999,3,,15.0
9225,5725,999,2,,5.0
9226,5188,999,4,,0.0
9227,6628,999,1,91.53,0.0
9228,6533,999,1,56.79,5.0
9229,5062,,4,76.72,15.0
9230,6401,2192,3,,10.0
9231,5285,2199,2,,5.0
9232,6043,2684,2,282.64,
9233,6992,2621,2,,15.0
9234,5941,1888,4,,5.0
9235,6687,,1,,10.0
9236,6457,2312,2,,5.0
9237,5614,,2,141.97,10.0
9238,6959,1726,1,57.14,
9239,6758,999,1,366.91,5.0
9240,6426,999,3,310.99,10.0
9241,5741,,4,,
9242,5742,999,4,359.34,0.0
9243,5711,999,1,193.25,0.0
9244,5377,2197,3,,10.0
9245,5147,999,3,,5.0
9246,6218,999,2,,10.0
9247,6137,999,1,,
9248,6433,999,4,,5.0
9249,5852,2466,1,,10.0
9250,6420,,3,,5.0
9251,5774,999,4,219.31,15.0
9252,5827,,1,365.47,5.0
9253,6895,,4,179.06,
9254,5439,,2,,15.0
9255,5860,1347,1,377.83,5.0
9256,6620,,2,,10.0
9257,6199,999,1,,5.0
9258,5925,999,2,,5.0
9259,5209,1100,3,394.66,15.0
9260,6008,1803,4,136.46,0.0
9261,6900,2067,1,,15.0
9262,5442,999,1,,
9263,6339,999,4,,5.0
9264,5126,999,4,,5.0
9265,6343,,3,,10.0
9266,5640,2675,4,,10.0
9267,6663,999,2,376.78,0.0
9268,6147,,3,,
9269,6660,999,4,,15.0
9270,5893,,2,,5.0
9271,6143,1478,4,,15.0
9272,5772,999,4,329.77,10.0
9273,5886,,4,,10.0
9274,6086,999,1,92.17,5.0
9275,5778,,2,352.89,10.0
9276,5531,999,1,,10.0
9277,6692,,2,,5.0
9278,5364,2355,1,,5.0
9279,6289,,1,,15.0
9280,6754,1475,1,,10.0
9281,5920,1172,3,,15.0
9282,6217,,2,,15.0
9283,5531,999,3,,10.0
9284,6719,,2,,
9285,6844,1433,4,,
9286,5726,2834,3,363.95,
9287,5581,2146,2,,15.0
9288,5506,2120,1,,15.0
9289,5170,1411,3,,10.0
9290,6020,,2,91.46,5.0
9291,5498,999,1,,5.0
9292,6849,999,2,,
9293,6439,,3,,0.0
9294,6249,,1,,0.0
9295,5651,,2,145.72,
9296,6914,999,3,,15.0
9297,5778,,1,,0.0
9298,6033,,1,81.63,0.0
9299,5150,,3,,10.0
9300,6839,999,4,,
9301,6701,1999,4,384.2,0.0
9302,5131,,1,,10.0
9303,6301,999,4,86.68,0.0
9304,5067,1899,3,,5.0
9305,6441,,3,,10.0
9306,6896,,3,,5.0
9307,5977,,1,26.36,
9308,6558,999,3,,0.0
9309,6148,,3,,15.0
9310,6410,999,4,,0.0
9311,6542,1051,4,302.44,15.0
9312,5922,,3,,10.0
9313,6031,2993,2,,10.0
9314,6292,2318,3,,10.0
9315,5731,,2,,0.0
9316,6501,999,4,106.83,15.0
9317,5205,999,2,,15.0
9318,6919,2999,2,,10.0
9319,5942,1431,4,,0.0
9320,5226,,1,20.89,10.0
9321,6813,1415,1,93.02,0.0
9322,6169,,3,,
9323,6763,,4,195.46,
9324,5195,999,2,360.01,10.0
9325,6775,999,1,,10.0
9326,6621,,4,302.3,10.0
9327,5460,999,3,,15.0
9328,6290,,3,,
9329,5087,,4,,
9330,6442,2409,3,41.38,10.0
9331,5626,,1,213.19,
9332,6446,1663,2,,0.0
9333,5790,999,1,,10.0
9334,6446,999,2,312.8,
9335,5841,1629,2,,10.0
9336,6520,1442,4,46.33,15.0
9337,5940,,2,,10.0
9338,5508,1776,2,,5.0
9339,5303,2442,4,,10.0
9340,5064,,3,,0.0
9341,6881,999,1,349.77,0.0
9342,6394,999,1,135.05,15.0
9343,5013,,1,,5.0
9344,6426,999,3,,15.0
9345,5476,,1,33.62,0.0
9346,5898,,4,,0.0
9347,5900,,1,353.81,5.0
9348,6663,1565,2,90.3,5.0
9349,6335,999,4,,
9350,5615,2240,4,,15.0
9351,6963,999,4,,0.0
9352,5395,999,4,,5.0
9353,5366,,3,131.43,5.0
9354,5399,,4,,10.0
9355,6018,,2,45.83,5.0
9356,6785,,2,,10.0
9357,5267,,4,,0.0
9358,5932,999,1,,0.0
9359,5251,999,3,,0.0
9360,5150,999,1,,5.0
9361,5952,,4,,0.0
9362,6482,999,2,,5.0
9363,6880,2089,3,,0.0
9364,6276,999,3,,5.0
9365,6752,999,4,229.75,0.0
9366,6844,,2,,
9367,6398,999,1,,
9368,6469,999,3,215.24,0.0
9369,5741,1637,3,,15.0
9370,6496,2866,2,,10.0
9371,6337,999,3,,0.0
9372,5283,999,1,,
9373,5364,2520,3,,
9374,5455,,4,,
9375,6937,,3,,5.0
9376,5681,1810,3,300.41,5.0
9377,5014,999,1,68.16,15.0
9378,6228,1791,2,,15.0
9379,5192,999,2,,0.0
9380,5984,999,1,,15.0
9381,5486,,1,,
9382,5173,999,2,205.75,5.0
9383,6508,999,2,,10.0
9384,5978,999,3,,15.0
9385,5786,,2,,15.0
9386,6579,,1,59.71,
9387,5460,,1,85.11,10.0
9388,6537,999,1,,10.0
9389,6128,,3,,15.0
9390,5347,,2,,5.0
9391,6845,999,4,278.69,
9392,6989,999,3,,0.0
9393,6012,2709,1,118.56,5.0
9394,5255,999,4,,10.0
9395,5016,2269,1,,5.0
9396,6547,999,2,,
9397,6489,2759,2,358.35,
9398,5052,1138,3,,15.0
9399,5672,,2,,
9400,6184,,2,361.66,0.0
9401,6499,1871,1,,15.0
9402,5802,999,2,,15.0
9403,6936,,2,,15.0
9404,5767,999,2,,
9405,5057,999,3,25.61,10.0
9406,5490,1254,3,380.1,0.0
9407,5346,,4,,0.0
9408,5936,2353,1,211.69,5.0
9409,6512,1046,3,393.16,15.0
9410,5358,999,2,86.83,10.0
9411,6362,1333,1,321.45,5.0
9412,5833,999,1,138.83,
9413,6498,999,1,,5.0
9414,6274,,1,,10.0
9415,5539,999,3,,0.0
9416,5353,999,2,,
9417,5066,999,3,,5.0
9418,6185,999,1,,10.0
9419,5794,999,2,269.44,15.0
9420,6091,999,4,,
9421,5736,2754,3,,
9422,5094,,4,,15.0
9423,6771,,4,363.18,
9424,6982,999,4,84.18,
9425,6870,,4,,15.0
9426,6660,999,1,212.28,
9427,5505,,3,,10.0
9428,6613,2398,3,,0.0
9429,5121,,1,,
9430,5605,2788,2,230.36,
9431,6589,,1,,0.0
9432,5251,,3,,5.0
9433,6876,1670,2,,
9434,5068,,1,,
9435,5259,2499,2,,
9436,5783,2198,1,,0.0
9437,6527,1915,1,,
9438,5228,2966,1,,5.0
9439,5761,,1,125.2,10.0
9440,5241,,2,151.12,5.0
9441,6994,2899,2,217.97,15.0
9442,6925,999,2,312.72,10.0
9443,6540,,1,346.8,10.0
9444,5446,,3,,10.0
9445,6759,1698,4,,10.0
9446,5430,,2,,5.0
9447,5318,1824,1,,
9448,6399,999,2,68.12,5.0
9449,5027,1741,2,365.36,0.0
9450,6459,2374,1,,15.0
9451,6855,2298,4,399.9,15.0
9452,5931,999,2,,15.0
9453,5242,999,4,,0.0
9454,6596,,2,,
9455,5776,,4,,0.0
9456,5663,,1,,
9457,5946,,3,,10.0
9458,5473,,4,166.14,5.0
9459,5766,,4,,5.0
9460,5701,2957,2,,10.0
9461,6244,,1,,
9462,5601,2989,4,,
9463,5232,,3,,15.0
9464,6278,1439,4,,0.0
9465,6249,1724,3,,10.0
9466,6805,999,3,,15.0
9467,5690,999,2,,15.0
9468,6017,999,4,248.41,0.0
9469,5839,,1,41.98,15.0
9470,5792,,1,,15.0
9471,5365,1867,1,,15.0
9472,6031,2225,3,,10.0
9473,5585,,2,,
9474,6060,1861,4,,
9475,5208,999,4,,
9476,5535,999,3,225.0,5.0
9477,6495,1798,4,,10.0
9478,6322,,2,,
9479,6143,,1,,5.0
9480,5582,2873,2,340.19,
9481,6278,,4,,15.0
9482,6243,999,4,277.11,15.0
9483,6715,999,1,,
9484,6682,1911,1,225.06,5.0
9485,6980,,1,,
9486,5856,999,2,286.6,5.0
9487,6823,999,1,302.91,
9488,6304,999,1,180.97,
9489,6535,,4,333.04,0.0
9490,6648,999,2,,15.0
9491,6575,,1,,15.0
9492,6089,,4,111.26,15.0
9493,5331,999,3,233.2,
9494,6958,,2,225.35,
9495,6056,,1,,10.0
9496,6594,999,3,262.45,10.0
9497,5906,,3,,0.0
9498,6841,999,3,,15.0
9499,5650,,2,127.07,15.0
9500,5401,2763,3,,
9501,5166,,2,,0.0
9502,6501,,1,,
9503,6635,1989,1,,15.0
9504,6477,999,4,,10.0
9505,5588,,4,343.33,
9506,5748,,1,12.49,0.0
9507,5284,999,3,,5.0
9508,5300,,3,,10.0
9509,6433,1409,2,84.37,5.0
9510,6383,2035,3,,
9511,5995,999,1,,10.0
9512,5635,,2,,10.0
9513,6522,2821,1,,10.0
9514,5945,999,1,,10.0
9515,5463,999,2,,15.0
9516,6195,2918,4,188.53,15.0
9517,5368,1847,2,,15.0
9518,5612,999,1,,5.0
9519,5884,2651,4,273.7,15.0
9520,6552,999,3,181.16,10.0
9521,6486,,1,330.57,0.0
9522,5603,999,4,,10.0
9523,6598,999,2,164.61,
9524,6678,,1,,10.0
9525,5983,,1,,5.0
9526,6266,999,4,149.61,5.0
9527,5521,999,3,133.06,
9528,5665,999,3,,10.0
9529,5982,2851,3,,
9530,5786,,4,,15.0
9531,5492,,4,322.02,10.0
9532,6060,999,2,,0.0
9533,5643,,3,,
9534,6936,999,2,,15.0
9535,6782,1154,1,,15.0
9536,5922,,1,,10.0
9537,6861,2431,2,,5.0
9538,6931,,3,,10.0
9539,6059,2178,2,,0.0
9540,6484,999,3,,0.0
9541,6948,999,1,126.75,
9542,5317,,3,48.66,
9543,6848,2615,2,,10.0
9544,5810,999,3,,
9545,5147,1486,4,334.28,15.0
9546,5011,2454,1,,0.0
9547,5503,1910,4,,15.0
9548,5343,999,3,,0.0
9549,6638,,4,,5.0
9550,5778,999,2,,15.0
9551,5276,999,4,,
9552,6759,,2,,5.0
9553,6568,999,2,,15.0
9554,6471,999,2,33.26,
9555,5218,999,2,,10.0
9556,6917,999,4,,15.0
9557,6080,,3,112.48,5.0
9558,6760,2513,3,,5.0
9559,5547,1083,2,,10.0
9560,5884,999,4,,0.0
9561,5328,,2,,0.0
9562,5211,,4,,10.0
9563,6212,,4,342.18,15.0
9564,5713,999,4,,
9565,5516,,3,105.3,15.0
9566,5200,,3,,15.0
9567,6154,,3,12.52,
9568,6630,999,4,,0.0
9569,5683,999,2,,10.0
9570,6811,1313,4,,
9571,5819,999,3,,
9572,6302,999,2,389.83,10.0
9573,5582,1241,2,,15.0
9574,5674,999,1,154.28,15.0
9575,5120,,1,,0.0
9576,6447,,4,,
9577,6126,,4,275.66,
9578,5673,999,3,278.93,
9579,6685,,1,225.17,10.0
9580,6184,2043,4,217.17,10.0
9581,6010,,2,277.1,15.0
9582,6121,,1,,5.0
9583,6523,,1,,
9584,6129,,4,,5.0
9585,6292,999,2,,0.0
9586,6419,,1,248.45,10.0
9587,5028,,2,,15.0
9588,6051,999,2,272.91,15.0
9589,6253,999,2,,10.0
9590,5725,1412,2,,0.0
9591,6537,,2,,10.0
9592,6587,2231,2,,5.0
9593,5548,2057,2,110.72,5.0
9594,6983,999,2,,15.0
9595,5370,,2,,10.0
9596,6578,999,4,,15.0
9597,5875,999,1,190.29,
9598,5495,,3,29.49,15.0
9599,5333,,4,213.42,
9600,5524,,3,,15.0
9601,5378,2316,3,182.2,
9602,5600,,1,,15.0
9603,5364,2859,1,,0.0
9604,6598,,1,,0.0
9605,6670,2275,3,,
9606,6732,2911,4,,10.0
9607,5527,999,2,,0.0
9608,6763,,1,,10.0
9609,6079,2635,2,,10.0
9610,5736,999,1,71.06,0.0
9611,6404,,3,,10.0
9612,6372,999,3,,0.0
9613,5231,1752,2,,10.0
9614,6058,999,2,145.81,0.0
9615,5741,999,4,,10.0
9616,5949,999,1,,15.0
9617,6566,2125,1,270.64,10.0
9618,5284,,1,262.08,
9619,5477,1365,3,,
9620,6709,2709,1,,5.0
9621,5329,,2,13.74,0.0
9622,6608,999,2,,
9623,5125,,1,91.6,5.0
9624,5230,1679,2,,10.0
9625,6883,2890,3,,10.0
9626,6041,1406,4,169.66,0.0
9627,5504,2127,4,,10.0
9628,6109,,2,,15.0
9629,6638,,4,,10.0
9630,5373,999,2,,15.0
9631,6705,2639,2,220.75,0.0
9632,5198,2235,2,,10.0
9633,6036,999,3,85.29,0.0
9634,6421,999,1,,15.0
9635,6601,2755,3,210.98,15.0
9636,5921,2038,2,,0.0
9637,5195,999,1,,5.0
9638,5089,,2,,0.0
9639,5070,2746,1,,
9640,5296,999,1,270.21,
9641,5071,2312,3,,
9642,6144,2536,4,,5.0
9643,6125,999,4,,15.0
9644,6033,999,2,,10.0
9645,5663,999,1,,10.0
9646,5836,,4,343.16,10.0
9647,6123,999,3,153.08,0.0
9648,5281,,4,,5.0
9649,6901,999,2,,10.0
9650,5146,2839,2,,
9651,6107,,3,,5.0
9652,5652,1605,2,,10.0
9653,6955,999,3,,5.0
9654,6904,999,2,,
9655,5219,999,1,,
9656,5314,1698,2,,15.0
9657,6818,,1,127.39,15.0
9658,5905,1932,1,,10.0
9659,5600,,4,,
9660,6975,999,2,,
9661,6271,999,3,,10.0
9662,6135,2564,4,,10.0
9663,6347,1188,2,261.78,0.0
9664,6108,999,3,219.81,15.0
9665,6430,2165,1,,
9666,6041,,1,224.52,5.0
9667,6046,,1,68.53,0.0
9668,5397,999,3,,10.0
9669,5054,999,4,,0.0
9670,5053,999,4,383.43,15.0
9671,5889,1004,4,24.1,10.0
9672,5786,1008,1,,10.0
9673,5378,2535,3,,0.0
9674,5915,1026,3,43.22,10.0
9675,6274,999,4,82.79,
9676,6669,,3,,
9677,5260,,1,,5.0
9678,6253,1747,2,270.44,5.0
9679,6009,999,4,,5.0
9680,5160,999,4,383.76,5.0
9681,5510,1459,3,,15.0
9682,6282,,4,167.16,0.0
9683,5233,,1,154.67,5.0
9684,6930,,3,35.52,
9685,6394,1968,3,391.61,
9686,6809,999,3,,10.0
9687,5027,999,1,39.99,
9688,6390,,2,,5.0
9689,5645,999,3,,5.0
9690,5901,,4,272.22,0.0
9691,6435,999,3,185.66,5.0
9692,6425,1179,1,,0.0
9693,5989,999,1,,
9694,5264,2596,4,,10.0
9695,5770,999,4,,5.0
9696,5178,,1,,10.0
9697,6404,,2,,0.0
9698,5593,2012,1,,0.0
9699,5592,999,4,387.44,
9700,6947,,3,,
9701,6203,,2,,10.0
9702,5057,,3,44.54,15.0
9703,6295,2731,2,,15.0
9704,6534,1015,4,,5.0
9705,5605,2676,3,,
9706,6993,,4,33.88,
9707,6656,999,3,,5.0
9708,5866,1357,1,377.56,5.0
9709,6059,,2,,10.0
9710,6107,1340,4,,0.0
9711,6913,,3,345.06,0.0
9712,5764,,2,,15.0
9713,5424,999,1,,0.0
9714,6045,999,2,98.15,10.0
9715,5036,999,3,,0.0
9716,6715,999,2,169.15,5.0
9717,6529,1975,3,250.34,0.0
9718,5389,,4,42.86,0.0
9719,5872,,1,,10.0
9720,6632,2744,4,264.34,15.0
9721,5366,2254,1,,10.0
9722,5921,1478,2,256.93,0.0
9723,5099,,4,209.08,15.0
9724,6182,1912,4,70.14,15.0
9725,6031,1768,1,322.81,
9726,5532,,4,347.83,10.0
9727,5554,2197,2,,0.0
9728,5278,,1,386.35,10.0
9729,6013,2875,4,,
9730,6050,2560,2,,
9731,6646,999,1,,
9732,6291,,3,,0.0
9733,6447,999,3,,5.0
9734,6068,,3,,15.0
9735,5460,2575,4,61.67,0.0
9736,5993,1234,2,76.29,10.0
9737,6523,1266,4,,5.0
9738,5428,1519,1,,
9739,5019,,3,,10.0
9740,5598,1863,4,,10.0
9741,6018,2960,2,,10.0
9742,5089,,1,,15.0
9743,5811,2488,4,140.95,0.0
9744,5864,2508,3,,0.0
9745,6880,,3,25.73,5.0
9746,5258,,2,,
9747,6663,,1,,10.0
9748,5473,999,1,,0.0
9749,6378,999,1,,5.0
9750,6785,2121,2,194.93,15.0
9751,5325,999,1,,0.0
9752,6666,,2,,10.0
9753,5652,999,3,,0.0
9754,6610,,3,,0.0
9755,5294,2205,3,293.19,
9756,6809,,2,,0.0
9757,6656,999,1,275.41,0.0
9758,5160,,2,391.36,15.0
9759,6457,,4,187.74,5.0
9760,5860,,1,,10.0
9761,5890,999,4,45.55,15.0
9762,6222,,4,,
9763,5483,999,2,26.72,0.0
9764,6921,999,1,,5.0
9765,6034,2858,4,,5.0
9766,6589,2252,1,,0.0
9767,5152,999,4,301.7,0.0
9768,5286,,3,,10.0
9769,5409,,2,,
9770,5896,999,2,325.0,15.0
9771,6145,,4,369.83,5.0
9772,6920,,4,171.16,
9773,5869,,3,,5.0
9774,6883,2917,3,284.49,5.0
9775,5331,999,2,,15.0
9776,5030,,3,,0.0
9777,5296,,3,,
9778,6717,2561,1,262.73,15.0
9779,6724,,3,,
9780,6116,,2,,0.0
9781,6358,1608,2,,
9782,6819,999,2,27.82,5.0
9783,5298,2240,1,,15.0
9784,5037,,4,,15.0
9785,5396,1422,3,157.96,5.0
9786,6519,1423,2,86.58,10.0
9787,6208,999,1,11.3,0.0
9788,6739,,2,,10.0
9789,6631,1410,1,355.17,15.0
9790,6723,2793,1,,
9791,5044,,3,,5.0
9792,5789,,2,31.48,0.0
9793,5236,,4,229.78,10.0
9794,5317,999,4,359.49,15.0
9795,6961,,4,,
9796,6943,999,1,259.62,0.0
9797,5519,,4,283.4,15.0
9798,6923,,2,,15.0
9799,5219,999,2,16.25,0.0
9800,5381,1406,3,,5.0
9801,5695,,1,,
9802,5014,1111,3,331.13,0.0
9803,6322,999,3,,10.0
9804,5465,1260,2,204.06,15.0
9805,5304,,4,,0.0
9806,5407,999,4,251.91,0.0
9807,6551,1514,3,,0.0
9808,6594,,4,,0.0
9809,6556,2650,2,,0.0
9810,5757,999,2,,
9811,5597,,3,,0.0
9812,5800,,4,92.82,15.0
9813,5055,2642,3,,10.0
9814,5464,2426,1,,
9815,6644,1321,3,64.45,15.0
9816,5824,1168,3,254.3,
9817,5623,2407,3,,5.0
9818,5011,999,4,,15.0
9819,6024,,2,,
9820,5041,999,2,,15.0
9821,6104,1331,2,,0.0
9822,6015,999,2,,
9823,6845,999,3,276.59,5.0
9824,6253,,4,,10.0
9825,6755,,4,,10.0
9826,5605,999,1,217.47,0.0
9827,5263,,3,181.24,
9828,5264,,4,,5.0
9829,6977,2735,3,,0.0
9830,6330,,3,29.94,5.0
9831,5218,,4,,10.0
9832,6509,,2,,15.0
9833,6595,999,3,,0.0
9834,6023,,1,,10.0
9835,6965,1161,4,198.9,
9836,6151,999,4,,10.0
9837,5496,1671,3,397.08,10.0
9838,5931,,3,203.96,
9839,6511,,1,,0.0
9840,5227,999,3,,10.0
9841,6092,,1,,0.0
9842,6492,2291,2,158.2,15.0
9843,5881,,3,,10.0
9844,5232,1643,1,,10.0
9845,6368,,3,,10.0
9846,6200,1023,1,,5.0
9847,5930,1947,1,259.26,
9848,5917,2365,2,30.53,5.0
9849,5169,,4,,10.0
9850,6474,,2,389.54,0.0
9851,5330,,1,312.48,
9852,6247,999,1,145.62,
9853,6373,2786,3,339.23,15.0
9854,6400,1613,1,15.46,5.0
9855,6903,,3,155.22,
9856,6384,,2,,10.0
9857,5474,,4,169.61,10.0
9858,6305,,1,,10.0
9859,5618,,1,,
9860,6598,,1,221.65,5.0
9861,5659,,1,,5.0
9862,5729,2045,3,59.03,5.0
9863,6671,999,1,,5.0
9864,6187,1071,2,,10.0
9865,6398,,4,,0.0
9866,6833,2252,4,104.64,15.0
9867,5206,1450,4,,0.0
9868,5300,999,3,,0.0
9869,5899,1745,4,54.96,5.0
9870,6701,,1,372.29,15.0
9871,6488,999,1,,5.0
9872,6404,,2,,10.0
9873,6203,999,2,,5.0
9874,6134,,4,,0.0
9875,6704,1484,3,,0.0
9876,5582,2539,2,,
9877,6164,,4,98.68,
9878,5908,2355,2,,10.0
9879,6886,2655,4,,5.0
9880,5264,,1,,10.0
9881,5162,,2,,5.0
9882,5077,999,4,,15.0
9883,5287,999,4,,
9884,6279,,1,230.57,0.0
9885,6031,999,3,,5.0
9886,6632,,2,108.7,10.0
9887,5355,999,4,,
9888,5563,1715,2,,10.0
9889,6730,,4,,5.0
9890,5700,,4,,0.0
9891,5247,,4,,0.0
9892,5854,,2,,0.0
9893,6055,,3,,0.0
9894,5425,,2,,15.0
9895,6568,999,1,,0.0
9896,5445,1909,2,,
9897,6949,999,4,78.34,0.0
9898,5448,999,1,,5.0
9899,5901,,2,,5.0
9900,6120,,3,267.83,10.0
9901,6081,,3,,15.0
9902,5666,2315,1,,10.0
9903,6468,2499,3,,10.0
9904,5030,,2,,
9905,5593,,2,346.3,15.0
9906,5112,,2,45.92,10.0
9907,5578,,2,,0.0
9908,6705,999,4,,
9909,5118,,3,,0.0
9910,5489,999,2,128.58,5.0
9911,5054,,3,190.01,0.0
9912,6384,999,3,325.46,10.0
9913,5060,999,2,391.96,0.0
9914,5675,,2,87.63,15.0
9915,5513,999,1,246.06,5.0
9916,6827,2390,1,,15.0
9917,6055,999,4,67.16,10.0
9918,5936,999,2,,
9919,5683,,3,,0.0
9920,5973,1500,3,,5.0
9921,6903,1273,1,,5.0
9922,5160,2400,3,199.93,10.0
9923,5860,999,4,,5.0
9924,5211,1808,2,,
9925,6621,1051,4,,5.0
9926,6520,999,1,,5.0
9927,5228,2676,3,369.51,5.0
9928,5693,999,1,,10.0
9929,6932,2559,1,,10.0
9930,5544,1725,2,336.0,10.0
9931,6144,2657,1,140.53,10.0
9932,5692,999,4,,10.0
9933,5699,1873,3,,0.0
9934,5154,1016,2,356.9,10.0
9935,6162,,2,,0.0
9936,6827,1935,2,,0.0
9937,6670,999,4,,5.0
9938,6225,999,1,,10.0
9939,6374,1457,2,,
9940,5354,999,3,,15.0
9941,6710,2751,3,,0.0
9942,6671,999,2,290.64,10.0
9943,5992,999,2,358.45,15.0
9944,5608,,2,,5.0
9945,5481,,1,168.05,15.0
9946,6051,1615,3,,5.0
9947,6942,2567,3,,
9948,6315,999,4,22.57,
9949,5878,2749,3,279.74,10.0
9950,6328,2551,1,347.0,0.0
9951,5232,,4,,10.0
9952,5993,999,1,61.62,5.0
9953,5774,,1,,
9954,5958,999,4,232.22,0.0
9955,6982,,4,,
9956,6766,999,3,47.06,15.0
9957,5112,1270,1,134.51,5.0
9958,5500,1638,2,,10.0
9959,6992,999,3,,10.0
9960,5312,1534,3,321.64,10.0
9961,6448,999,2,,0.0
9962,5734,2047,3,,15.0
9963,6688,999,3,,5.0
9964,6019,2169,4,156.49,10.0
9965,6606,999,2,299.76,15.0
9966,6502,999,2,308.05,5.0
9967,5599,999,2,102.32,0.0
9968,6893,,3,273.64,5.0
9969,6824,999,4,,15.0
9970,5465,2284,3,239.95,10.0
9971,6003,1134,4,,0.0
9972,5872,,3,,0.0
9973,6551,,1,,15.0
9974,5399,999,1,16.6,15.0
9975,6733,999,2,,15.0
9976,5266,,1,289.62,0.0
9977,6365,,4,,0.0
9978,5274,999,1,,
9979,5242,,2,,15.0
9980,6214,,4,,15.0
9981,6931,999,2,,
9982,6563,,1,,15.0
9983,6377,999,4,105.46,
9984,5713,2279,3,145.53,10.0
9985,6169,,4,348.99,0.0
9986,5461,1920,4,355.41,10.0
9987,5517,,3,,5.0
9988,5473,999,2,292.53,0.0
9989,5420,999,1,34.58,5.0
9990,5111,2246,2,,10.0
9991,6229,1968,4,,15.0
9992,5501,2165,4,,0.0
9993,6763,,3,,5.0
9994,5755,,3,,0.0
9995,6145,,1,81.58,10.0
9996,5296,1262,4,,
9997,5175,,2,,15.0
9998,6660,,4,,0.0
9999,5583,999,1,,
10000,6395,999,4,,5.0
10001,5860,999,1,,
10002,5023,2162,2,136.97,0.0
10003,6819,,1,232.8,0.0
10004,5050,999,1,295.81,10.0
10005,6689,,4,,0.0
10006,5016,999,4,72.88,5.0
10007,5867,2179,4,,
10008,5082,1004,4,399.53,15.0
10009,5749,999,2,,
10010,5865,999,2,182.9,15.0
10011,5981,,4,,5.0
10012,6362,,3,,10.0
10013,5200,,1,344.65,5.0
10014,5604,2455,4,,
10015,5399,1075,1,,
10016,5127,999,3,152.45,0.0
10017,5907,,3,,10.0
10018,6856,2434,1,146.63,15.0
10019,6039,,3,63.14,15.0
10020,5663,,3,,10.0
10021,6673,,1,,0.0
10022,5569,1589,4,,5.0
10023,6797,999,4,,5.0
10024,6980,999,3,108.15,
10025,6554,999,2,,15.0
10026,6971,1185,3,,
10027,5926,,1,182.16,0.0
10028,5818,,3,,5.0
10029,6111,999,1,,15.0
10030,6657,999,3,,10.0
10031,5244,,3,,0.0
10032,5352,,4,,5.0
10033,6186,2469,2,262.28,0.0
10034,5304,,2,,5.0
10035,5056,1537,3,,5.0
10036,5198,,4,,10.0
10037,5590,1626,4,196.04,
10038,6706,,4,353.47,10.0
10039,6252,1065,4,,0.0
10040,6054,,2,54.19,10.0
10041,6122,1009,1,167.43,
10042,5168,999,2,,15.0
10043,6294,,3,116.22,5.0
10044,5208,999,2,,15.0
10045,5706,,3,,
10046,6606,,4,,0.0
10047,6562,2949,3,,10.0
10048,5275,,1,,5.0
10049,5022,,3,,15.0
10050,6824,999,3,,10.0
10051,6023,1141,1,,5.0
10052,6159,2892,1,,0.0
10053,5027,999,1,396.71,5.0
10054,5001,999,2,381.58,5.0
10055,5146,999,2,125.67,5.0
10056,6863,999,2,,10.0
10057,6634,999,2,,15.0
10058,6616,999,1,,5.0
10059,6141,2953,4,77.3,
10060,5685,999,4,,10.0
10061,6513,2348,2,317.72,5.0
10062,6372,2466,1,,10.0
10063,5570,,2,,
10064,6968,2657,1,,15.0
10065,6177,1258,4,263.1,15.0
10066,5560,2711,2,73.45,10.0
10067,6820,999,2,,
10068,5719,1265,3,135.59,
10069,5694,2677,2,,15.0
10070,6312,,2,,
10071,6054,999,4,358.71,15.0
10072,5733,999,3,370.81,15.0
10073,6959,2641,2,,15.0
10074,6269,,2,,
10075,6256,1557,1,,5.0
10076,6796,1926,3,,5.0
10077,5117,1414,1,,10.0
10078,5462,999,4,,5.0
10079,6053,,3,,10.0
10080,6379,,2,67.96,10.0
10081,6220,999,3,17.75,
10082,5795,2607,3,187.86,15.0
10083,5508,,1,283.06,10.0
10084,6424,999,1,,
10085,6240,1250,2,,
10086,5085,,3,,15.0
10087,6862,,3,385.93,0.0
10088,5728,999,1,,0.0
10089,5877,999,1,,15.0
10090,6554,999,1,,0.0
10091,5012,999,1,331.65,5.0
10092,6260,1197,4,57.45,
10093,6121,1001,1,,0.0
10094,6221,999,4,173.55,15.0
10095,6790,,4,148.97,5.0
10096,5345,,4,,
10097,5864,999,4,358.88,0.0
10098,5819,,4,,15.0
10099,6048,2646,1,,
10100,5709,2653,3,,15.0
10101,5249,999,1,230.59,0.0
10102,6417,999,4,,
10103,6449,,2,,0.0
10104,5864,2647,1,,10.0
10105,5979,1146,1,215.14,0.0
10106,5859,,4,,5.0
10107,5186,1440,3,,5.0
10108,5056,1253,1,,15.0
10109,6681,1269,4,,0.0
10110,6138,2056,1,71.6,5.0
10111,5470,1519,4,308.83,5.0
10112,6353,999,2,290.63,0.0
10113,5023,,2,,15.0
10114,6369,999,3,292.87,
10115,5625,999,4,172.16,0.0
10116,5006,,3,,10.0
10117,6033,,1,,
10118,5257,,3,347.92,0.0
10119,6783,2503,1,13.85,15.0
10120,6840,,3,,5.0
10121,5908,2099,3,,5.0
10122,6014,999,3,96.29,
10123,6896,999,3,,
10124,6411,1577,3,100.9,5.0
10125,6406,,2,330.93,15.0
10126,6212,1791,1,,15.0
10127,6456,999,4,,15.0
10128,5918,2500,3,,0.0
10129,6641,999,2,,
10130,5520,,2,,15.0
10131,6420,1576,4,130.65,15.0
10132,5726,999,1,,15.0
10133,5246,1986,1,342.12,15.0
10134,6850,1905,1,,0.0
10135,5336,999,2,,0.0
10136,6134,,4,,
10137,6968,,3,,15.0
10138,5080,999,4,,0.0
10139,5904,999,4,,15.0
10140,6063,1401,1,,10.0
10141,6513,,1,282.32,15.0
10142,5014,2426,4,,15.0
10143,6861,999,2,,
10144,6060,,2,146.18,5.0
10145,6621,999,3,,0.0
10146,5982,1564,2,,10.0
10147,6888,,2,,15.0
10148,5504,2229,2,,15.0
10149,6591,1590,2,,10.0
10150,5682,,2,,10.0
10151,6624,999,3,,15.0
10152,6900,1310,1,185.66,10.0
10153,5119,,1,348.23,
10154,6619,,1,358.97,15.0
10155,6662,1195,1,377.57,10.0
10156,6742,,1,,10.0
10157,5016,,3,,0.0
10158,6017,,2,,0.0
10159,5072,,2,78.43,5.0
10160,6920,,3,,10.0
10161,6346,1890,3,,5.0
10162,6316,,1,,0.0
10163,6348,,2,,5.0
10164,6775,,3,117.19,0.0
10165,5424,1984,3,,0.0
10166,5029,1276,2,206.14,
10167,6037,,4,332.14,10.0
10168,6030,,4,,10.0
10169,6939,1600,1,,5.0
10170,6357,999,2,215.61,10.0
10171,5684,999,3,,
10172,5032,,2,,15.0
10173,6581,999,1,,
10174,6142,,2,,15.0
10175,5905,999,3,233.75,5.0
10176,5451,1475,3,228.2,0.0
10177,5480,2380,4,,15.0
10178,6154,,3,,10.0
10179,5065,,4,,15.0
10180,6887,2480,3,,
10181,5353,,2,,10.0
10182,6892,,2,157.19,5.0
10183,5905,2038,4,30.8,0.0
10184,5038,,1,,5.0
10185,5427,999,4,,5.0
10186,6910,,4,345.2,0.0
10187,5499,999,2,,15.0
10188,6830,2799,3,90.72,15.0
10189,5281,2998,1,,5.0
10190,6787,999,2,109.88,
10191,6136,,4,,0.0
10192,5225,999,2,338.33,5.0
10193,6260,2143,1,,5.0
10194,6772,,1,,0.0
10195,6556,999,1,,0.0
10196,5319,999,3,320.66,10.0
10197,5231,999,2,,
10198,6989,999,4,,10.0
10199,5951,999,4,,0.0
10200,5665,999,4,,5.0
10201,6069,,3,,0.0
10202,5547,2134,2,,5.0
10203,6550,,3,,5.0
10204,5679,,3,127.31,
10205,6429,,2,,5.0
10206,6781,1371,2,,5.0
10207,5243,1738,4,,0.0
10208,5114,1384,2,256.1,
10209,5187,999,4,,
10210,6025,2735,2,,0.0
10211,5157,1266,4,,10.0
10212,5962,,3,297.05,15.0
10213,6647,999,3,312.79,5.0
10214,5860,,1,152.51,0.0
10215,6928,1115,4,,
10216,5720,1940,3,,5.0
10217,6908,,3,232.67,0.0
10218,5891,999,4,218.31,5.0
10219,6049,1946,3,,15.0
10220,6109,2630,4,310.28,15.0
10221,5858,2264,1,,15.0
10222,5603,1974,4,256.71,5.0
10223,5828,2479,3,10.33,10.0
10224,6205,,1,39.6,0.0
10225,5329,1259,1,,
10226,5508,999,2,281.37,0.0
10227,6751,999,3,,
10228,6162,999,3,95.35,
10229,5283,,4,193.96,10.0
10230,5425,999,3,,10.0
10231,6431,,1,384.35,5.0
10232,6672,,2,,
10233,5849,1360,3,,10.0
10234,5990,2295,4,,0.0
10235,5484,,2,,
10236,5689,999,3,,
10237,6185,,2,,10.0
10238,6177,2530,3,,
10239,5601,,2,,15.0
10240,6395,,3,99.51,5.0
10241,5081,1406,4,384.31,10.0
10242,6928,1892,3,,
10243,6976,,2,,10.0
10244,5773,,4,,10.0
10245,5343,,2,79.91,10.0
10246,5270,999,3,,
10247,6342,2479,2,,5.0
10248,5229,2892,4,,5.0
10249,5635,999,2,,5.0
10250,5309,999,3,,0.0
10251,6517,1473,2,102.35,10.0
10252,6325,999,1,382.54,15.0
10253,6051,1776,1,324.0,10.0
10254,6685,999,1,,15.0
10255,6277,,2,,15.0
10256,6019,,1,,
10257,6763,,2,,0.0
10258,6459,,4,,
10259,6943,1278,3,127.19,0.0
10260,6873,,2,,15.0
10261,5373,999,2,300.19,
10262,5942,999,4,,
10263,6695,999,1,,15.0
10264,6023,,3,,0.0
10265,5621,999,1,,5.0
10266,6512,1562,2,,5.0
10267,6627,1108,4,,15.0
10268,5688,999,4,,10.0
10269,5709,999,3,,5.0
10270,6645,2122,4,,
10271,6312,999,1,,0.0
10272,6256,2717,3,79.59,0.0
10273,5323,,2,,5.0
10274,5555,1507,1,144.24,5.0
10275,5494,999,3,238.71,0.0
10276,6945,999,2,,0.0
10277,5214,999,1,293.04,15.0
10278,5831,2968,2,,10.0
10279,6344,2249,3,341.51,0.0
10280,5291,1531,1,,0.0
10281,5042,,4,,5.0
10282,5542,999,2,,10.0
10283,5903,1869,1,,0.0
10284,6645,,4,383.72,5.0
10285,6459,,4,28.93,0.0
10286,6709,1553,2,62.53,10.0
10287,6353,,4,293.64,
10288,6079,1235,2,,0.0
10289,5941,999,3,,5.0
10290,6226,1574,4,,15.0
10291,6213,999,3,,10.0
10292,6545,999,4,,0.0
10293,5781,,1,375.07,5.0
10294,5769,,4,,
10295,5008,1636,3,,
10296,5623,1546,2,,5.0
10297,6569,2609,3,285.55,15.0
10298,5304,,1,257.58,
10299,6733,1155,4,265.49,
10300,5635,1626,1,333.96,5.0
10301,5467,1582,3,280.14,5.0
10302,6016,,4,46.0,10.0
10303,6400,999,3,,15.0
10304,5668,,1,,0.0
10305,5646,2857,4,,0.0
10306,5846,999,3,,15.0
10307,6146,1586,2,,10.0
10308,5864,,1,,
10309,5613,999,1,,
10310,6286,,3,,0.0
10311,5518,2009,1,,15.0
10312,6860,,4,,0.0
10313,5567,2195,3,86.76,0.0
10314,5556,,4,251.39,15.0
10315,6682,,4,117.87,10.0
10316,5434,1522,2,350.05,
10317,5356,2453,3,,0.0
10318,6895,999,3,157.68,0.0
10319,5241,999,3,,
10320,5134,999,2,107.37,15.0
10321,6188,1417,4,,5.0
10322,5555,999,2,,5.0
10323,6413,1730,4,,0.0
10324,6254,999,1,,10.0
10325,6056,,1,,0.0
10326,6297,999,2,,0.0
10327,5744,,3,,15.0
10328,6320,999,4,,15.0
10329,6070,999,1,234.76,5.0
10330,6060,2726,4,275.81,10.0
10331,6703,999,2,,5.0
10332,5273,999,3,,
10333,5781,2269,4,,
10334,6425,,4,,15.0
10335,6866,,4,,5.0
10336,6111,999,2,,0.0
10337,6617,999,3,,15.0
10338,5993,,3,193.69,0.0
10339,5971,999,1,,
10340,6894,,2,369.76,15.0
10341,6566,,4,,5.0
10342,6788,,4,,15.0
10343,5762,,3,,10.0
10344,5523,999,3,331.55,0.0
10345,6560,,3,154.5,0.0
10346,5552,2550,3,,
10347,6618,2911,3,,15.0
10348,6227,1912,2,,5.0
10349,5252,999,3,,
10350,5306,1320,1,,0.0
10351,6625,1003,4,,5.0
10352,5799,1567,2,,0.0
10353,6592,2112,2,,10.0
10354,6703,999,4,41.55,5.0
10355,5476,,4,295.06,
10356,6185,999,2,293.5,10.0
10357,5301,1655,2,275.79,5.0
10358,6168,2490,2,,0.0
10359,5012,999,2,281.94,10.0
10360,6564,,1,,0.0
10361,5626,999,1,,10.0
10362,5478,1726,4,,15.0
10363,5933,2095,3,,0.0
10364,5690,1176,3,135.42,15.0
10365,5025,999,2,,
10366,5309,,1,28.26,15.0
10367,6229,1918,4,154.25,10.0
10368,6983,999,4,189.54,0.0
10369,6281,,3,,
10370,5191,999,3,,
10371,5023,2421,3,60.7,
10372,6713,,1,,10.0
10373,5856,999,1,385.62,
10374,6691,,1,,15.0
10375,5636,999,1,377.2,5.0
10376,5145,999,3,,0.0
10377,5222,,3,,5.0
10378,6589,999,1,,0.0
10379,5326,,1,,5.0
10380,6896,999,3,,5.0
10381,6606,999,3,,15.0
10382,5864,,3,322.8,
10383,6805,999,3,363.94,
10384,6810,999,3,,
10385,6397,999,3,,15.0
10386,5879,2405,2,,10.0
10387,5108,999,4,,5.0
10388,6180,,4,,5.0
10389,5361,1258,1,337.63,0.0
10390,5020,999,3,,15.0
10391,5340,2365,2,,5.0
10392,6032,1926,2,,15.0
10393,5711,2049,3,44.21,
10394,5408,,4,,15.0
10395,6149,999,4,,5.0
10396,5043,,1,154.25,15.0
10397,5433,,1,,15.0
10398,5817,2243,2,,5.0
10399,5343,,3,,15.0
10400,5470,,1,,15.0
10401,6246,999,2,239.75,
10402,6132,,2,221.75,0.0
10403,5530,,2,,5.0
10404,5983,999,2,,10.0
10405,6354,,4,185.0,15.0
10406,5038,,1,,0.0
10407,5178,1308,1,,5.0
10408,5207,999,1,276.73,10.0
10409,5995,1349,1,251.12,0.0
10410,5463,,4,,15.0
10411,6485,2233,1,,10.0
10412,6353,1483,4,,10.0
10413,5147,,2,,
10414,6314,999,1,,15.0
10415,6743,,1,,5.0
10416,5556,2096,1,,
10417,6822,,1,,0.0
10418,5221,,3,,
10419,5640,,1,379.42,10.0
10420,5459,1533,4,,15.0
10421,5909,999,3,,0.0
10422,5935,1881,4,73.28,0.0
10423,5901,2437,3,64.45,5.0
10424,6811,999,4,,5.0
10425,6193,,4,,5.0
10426,6892,2609,2,,
10427,6574,,4,,5.0
10428,5009,2028,1,,
10429,6979,2791,2,246.46,15.0
10430,5434,999,2,162.04,15.0
10431,6834,,4,,0.0
10432,6842,999,2,,10.0
10433,6528,,4,,0.0
10434,5613,,4,,
10435,6631,2263,4,,5.0
10436,5012,999,3,,10.0
10437,5298,2297,1,,0.0
10438,6647,,3,282.26,0.0
10439,5163,1367,2,,10.0
10440,5334,,1,319.9,0.0
10441,6303,2133,1,,15.0
10442,5194,2277,1,186.89,0.0
10443,6200,,1,,15.0
10444,5550,,3,,10.0
10445,5592,,3,352.02,15.0
10446,6633,2624,3,,
10447,6918,999,4,119.9,15.0
10448,5052,,3,,15.0
10449,5735,999,3,,
10450,5314,999,4,79.87,0.0
10451,5155,,3,,
10452,6826,,3,,5.0
10453,6130,999,4,113.67,
10454,5237,,1,,
10455,6591,,4,,10.0
10456,5971,,3,46.18,
10457,5522,,1,82.32,5.0
10458,6402,,1,164.8,10.0
10459,6114,2483,1,,5.0
10460,5521,2083,2,151.51,10.0
10461,6713,,1,,15.0
10462,6843,999,1,,
10463,5562,2058,2,,5.0
10464,5520,,3,,0.0
10465,6999,,3,,15.0
10466,5146,,1,170.89,10.0
10467,6485,1082,1,,0.0
10468,5462,2591,2,274.75,
10469,5857,999,3,,0.0
10470,5502,2937,2,,0.0
10471,6996,,1,,5.0
10472,5748,999,3,,
10473,5650,999,4,,15.0
10474,5163,999,3,375.78,10.0
10475,5392,1597,3,,0.0
10476,5595,2238,4,,
10477,6672,1726,1,225.33,5.0
10478,6517,999,2,,5.0
10479,5579,999,4,348.32,15.0
10480,6571,1981,4,,
10481,5173,,1,,
10482,5007,,1,,
10483,5469,,1,,
10484,6017,999,1,,
10485,6917,,4,291.61,10.0
10486,5566,999,4,53.69,
10487,5177,,2,,10.0
10488,6690,,2,,10.0
10489,5841,999,1,,15.0
10490,6136,999,3,,5.0
10491,5608,1460,4,147.56,15.0
10492,6582,999,1,,15.0
10493,5098,999,4,360.08,10.0
10494,5633,,1,109.25,0.0
10495,6249,999,1,,15.0
10496,5938,999,1,173.49,5.0
10497,5613,999,3,,0.0
10498,5377,1728,3,,10.0
10499,6183,,2,,5.0
10500,6963,999,2,,5.0
10501,5651,,4,20.19,10.0
10502,6168,999,4,,0.0
10503,5995,999,3,,0.0
10504,6179,999,2,172.64,0.0
10505,5147,2946,1,,15.0
10506,6830,999,4,,10.0
10507,6631,999,3,103.8,15.0
10508,5547,,1,,0.0
10509,5347,1094,1,343.55,10.0
10510,5471,,4,,5.0
10511,5215,1752,2,,10.0
10512,6958,,2,,15.0
10513,5496,999,3,,
10514,6825,999,4,,10.0
10515,6250,2470,4,,
10516,5332,1105,4,,
10517,5645,,1,,0.0
10518,6375,1079,3,218.27,10.0
10519,5702,,4,,10.0
10520,5268,999,2,,0.0
10521,6349,999,4,,
10522,5565,,1,381.92,10.0
10523,5009,999,3,138.73,0.0
10524,5310,,3,,
10525,5919,999,1,,
10526,5103,1934,4,,15.0
10527,5011,,1,,
10528,6751,2397,4,176.69,10.0
10529,5277,1244,4,,10.0
10530,5690,999,3,,0.0
10531,6026,1049,1,,10.0
10532,5669,999,2,,5.0
10533,6104,1350,3,,5.0
10534,5919,999,1,42.18,15.0
10535,5332,,3,,5.0
10536,6283,999,2,,0.0
10537,5637,2165,4,,0.0
10538,5056,,4,,
10539,6771,999,2,211.38,
10540,6993,,2,,15.0
10541,6094,999,2,180.57,5.0
10542,5162,2953,4,82.02,15.0
10543,6246,2657,4,20.45,
10544,6167,1891,2,,0.0
10545,6137,2163,3,,5.0
10546,5348,,1,,10.0
10547,6877,1738,1,,0.0
10548,5171,1709,1,,10.0
10549,6184,,3,372.7,0.0
10550,6562,1516,3,293.58,
10551,6602,,3,,
10552,5344,2728,2,,
10553,6062,999,2,12.15,15.0
10554,6754,1133,1,153.45,5.0
10555,5769,,4,,5.0
10556,6629,999,1,,
10557,6417,,4,,10.0
10558,6571,,1,14.8,15.0
10559,6637,1387,2,,0.0
10560,5711,999,2,,15.0
10561,6087,999,1,237.23,5.0
10562,5918,,1,,5.0
10563,6481,999,2,96.77,15.0
10564,6331,,1,,15.0
10565,6960,,1,,
10566,5148,2240,4,263.49,0.0
10567,5805,2913,1,,15.0
10568,5881,999,3,196.9,5.0
10569,5881,2200,2,306.13,
10570,5460,2351,1,,0.0
10571,5596,999,1,326.4,5.0
10572,5384,,3,,
10573,6377,2893,4,,
10574,6500,999,4,,10.0
10575,6681,2924,2,,5.0
10576,5214,,1,,15.0
10577,6973,2445,3,,0.0
10578,5887,1728,2,,5.0
10579,5108,,4,167.21,
10580,6510,1545,1,,0.0
10581,5972,,2,23.78,0.0
10582,6610,1157,1,,0.0
10583,6461,999,4,,10.0
10584,5599,1813,1,,
10585,5066,999,4,,10.0
10586,6949,,1,,15.0
10587,6400,1413,1,,
10588,6058,1514,3,323.39,0.0
10589,6898,2812,3,,5.0
10590,5551,999,1,119.89,0.0
10591,6711,999,3,,
10592,6713,999,3,,0.0
10593,6361,999,3,,15.0
10594,5197,1330,3,,5.0
10595,6400,999,1,353.04,
10596,5135,999,3,,10.0
10597,6737,,4,,
10598,5801,1720,2,,5.0
10599,5104,999,4,248.04,5.0
10600,5110,1505,3,,5.0
10601,5887,,4,,
10602,6354,2637,2,156.55,5.0
10603,5291,,1,,10.0
10604,6597,2817,1,124.05,0.0
10605,6255,,1,,10.0
10606,5611,2478,2,,0.0
10607,5440,999,1,,0.0
10608,6310,999,2,,
10609,5552,2123,3,108.84,0.0
10610,6802,999,3,,10.0
10611,6712,2247,3,155.46,
10612,5138,999,4,,
10613,5622,,1,339.43,10.0
10614,5303,2702,4,,0.0
10615,5523,1225,3,,15.0
10616,6209,,2,53.94,
10617,6230,,1,,0.0
10618,6660,,3,,
10619,6727,1054,1,,5.0
10620,6164,999,2,137.24,15.0
10621,5217,1579,2,375.56,10.0
10622,5810,1785,4,282.56,10.0
10623,6156,999,3,,5.0
10624,5986,2761,3,,5.0
10625,6189,2124,3,,5.0
10626,5293,2890,3,,
10627,6659,,3,,0.0
10628,6677,999,3,,0.0
10629,5428,,1,,10.0
10630,5998,999,3,39.3,5.0
10631,5736,1975,2,,
10632,6317,2193,3,183.71,
10633,5339,999,2,,5.0
10634,5132,999,3,,0.0
10635,5918,999,2,,0.0
10636,5739,,3,33.05,15.0
10637,6643,,1,,5.0
10638,6319,,4,296.23,10.0
10639,5143,1419,2,,15.0
10640,5674,1780,4,342.35,10.0
10641,6290,1036,3,228.78,10.0
10642,6705,2494,2,,
10643,6782,,2,,5.0
10644,6442,,3,,15.0
10645,5121,,1,139.31,15.0
10646,6942,,1,,15.0
10647,6446,999,4,,
10648,6949,1097,3,,10.0
10649,5116,2244,4,122.55,0.0
10650,5161,999,4,,0.0
10651,5940,,4,,15.0
10652,6991,,1,,15.0
10653,6861,,1,,15.0
10654,5110,999,2,,0.0
10655,6134,2256,4,290.74,
10656,5539,,4,,0.0
10657,6323,1929,2,,15.0
10658,5407,,4,,15.0
10659,6152,2791,2,,10.0
10660,6665,999,4,,5.0
10661,6119,2619,3,78.05,
10662,5692,,1,,15.0
10663,6329,1603,4,,0.0
10664,6731,,1,,5.0
10665,6414,,2,,
10666,6780,,2,,10.0
10667,6939,999,4,,5.0
10668,6096,2789,2,,15.0
10669,6450,1534,4,,
10670,5714,1532,1,268.37,15.0
10671,5602,999,4,,5.0
10672,5632,2452,1,298.54,5.0
10673,6534,999,2,121.77,0.0
10674,6640,,3,,5.0
10675,6591,2424,1,361.01,10.0
10676,6280,999,4,,0.0
10677,6515,999,2,146.77,15.0
10678,5899,1876,1,176.61,5.0
10679,5203,1755,2,,
10680,6408,999,1,239.74,10.0
10681,5344,1603,1,,0.0
10682,5529,,3,33.89,
10683,5039,999,3,,0.0
10684,5532,999,3,,
10685,6117,2039,4,130.72,10.0
10686,5855,,1,,15.0
10687,5566,1774,3,281.44,5.0
10688,5629,,4,245.07,10.0
10689,6914,999,3,256.72,
10690,6422,1601,4,98.59,10.0
10691,5114,999,2,,
10692,5352,,1,308.65,5.0
10693,6636,,2,,10.0
10694,5274,,1,,10.0
10695,5975,999,4,,0.0
10696,5823,1740,1,,10.0
10697,5240,999,3,246.83,15.0
10698,6277,999,3,,10.0
10699,5292,999,2,,5.0
10700,6248,2056,1,126.05,0.0
10701,6583,2642,1,263.75,15.0
10702,6733,1854,2,,10.0
10703,6292,,1,30.14,
10704,6159,,4,,0.0
10705,6574,1185,4,208.72,0.0
10706,6999,999,3,,
10707,6232,999,4,,
10708,6112,999,1,,0.0
10709,5830,,3,397.05,0.0
10710,6603,999,2,116.7,0.0
10711,5092,,2,,0.0
10712,5472,2278,1,93.41,15.0
10713,5122,999,2,166.87,
10714,5455,,2,,10.0
10715,6964,2157,4,,15.0
10716,5643,,4,,5.0
10717,5252,,1,368.54,5.0
10718,6807,2386,4,,0.0
10719,6376,2287,1,,10.0
10720,5877,2836,3,,10.0
10721,6129,999,4,,10.0
10722,5075,,4,,15.0
10723,6464,1878,1,,10.0
10724,6188,999,1,330.37,0.0
10725,5573,,3,,
10726,5042,1424,4,216.07,15.0
10727,5811,,4,,15.0
10728,6705,2450,2,95.62,15.0
10729,5594,1403,4,163.37,
10730,5696,999,1,,
10731,6086,999,4,,5.0
10732,6910,1953,2,178.8,0.0
10733,6931,999,3,,15.0
10734,6110,,1,,15.0
10735,6109,,1,,
10736,5274,,2,,
10737,6425,999,3,,5.0
10738,5563,2853,1,,5.0
10739,5584,1536,3,,5.0
10740,5111,999,1,,15.0
10741,5068,1735,3,,0.0
10742,6585,2799,3,,
10743,5351,,3,,5.0
10744,5896,2084,3,,5.0
10745,5932,999,3,,5.0
10746,5852,,4,237.51,10.0
10747,6082,999,3,,15.0
10748,6064,2649,1,,
10749,5939,,4,,15.0
10750,6630,2725,4,,
10751,6429,1543,3,,5.0
10752,6505,1086,3,,10.0
10753,6580,,1,,10.0
10754,6345,1896,3,,0.0
10755,5468,,4,,15.0
10756,6168,1640,1,,
10757,5117,999,2,,10.0
10758,6385,999,4,95.23,0.0
10759,5467,999,4,33.08,5.0
10760,6687,,3,195.86,5.0
10761,5387,999,4,,15.0
10762,6237,999,3,,10.0
10763,5852,,1,,10.0
10764,5658,,4,,15.0
10765,6758,999,4,,
10766,5859,999,1,,5.0
10767,5643,,2,,
10768,5673,999,2,,0.0
10769,6724,999,4,368.36,
10770,5137,1886,1,,15.0
10771,5819,,2,380.5,0.0
10772,5239,,4,71.34,0.0
10773,5724,,4,,10.0
10774,5429,,4,,
10775,6004,2900,4,383.04,0.0
10776,6263,,1,,10.0
10777,5963,,4,,10.0
10778,6611,,2,,0.0
10779,5497,999,4,51.9,
10780,5785,,1,,15.0
10781,6328,,3,,0.0
10782,6796,999,3,,5.0
10783,6756,,2,86.32,10.0
10784,6522,1903,2,11.89,15.0
10785,6835,999,2,,15.0
10786,6449,,2,,
10787,5915,1490,1,,
10788,6271,999,4,,0.0
10789,6210,999,3,312.49,
10790,5449,999,4,104.25,0.0
10791,5143,999,3,,
10792,5858,1458,3,247.31,0.0
10793,5102,999,1,175.79,0.0
10794,6699,,4,,0.0
10795,5190,2346,1,136.04,
10796,5932,2538,1,,0.0
10797,5367,999,4,173.1,5.0
10798,5202,,4,,10.0
10799,5725,,2,,
10800,5549,2831,2,,0.0
10801,6731,2912,3,,10.0
10802,6186,1206,2,77.4,0.0
10803,5467,,3,18.32,5.0
10804,6140,2424,3,345.28,10.0
10805,6458,2016,2,,15.0
10806,5468,1760,3,,0.0
10807,5237,999,1,,5.0
10808,6951,1909,3,174.72,10.0
10809,5884,2409,2,,15.0
10810,6718,1776,4,242.26,0.0
10811,5720,,2,,10.0
10812,5968,1393,1,,
10813,6644,999,2,,10.0
10814,6703,999,3,208.74,15.0
10815,6000,999,2,,
10816,5229,1053,2,151.76,
10817,6791,999,1,,5.0
10818,5189,,3,109.8,10.0
10819,6320,,4,,10.0
10820,5757,,3,78.22,5.0
10821,6751,999,4,61.29,
10822,5432,,2,,0.0
10823,5230,,4,,10.0
10824,6257,999,4,,5.0
10825,5037,999,3,302.75,10.0
10826,5063,,4,,
10827,5240,,4,378.07,0.0
10828,5819,,2,,0.0
10829,5811,999,3,,15.0
10830,6717,1075,4,,0.0
10831,6087,999,2,,0.0
10832,5093,999,1,,
10833,5026,999,1,,0.0
10834,5644,2416,4,349.59,10.0
10835,6973,2368,4,132.51,10.0
10836,5453,1444,3,,0.0
10837,5208,2480,2,,15.0
10838,5951,999,4,38.52,0.0
10839,6097,999,2,,5.0
10840,5225,1562,2,245.76,0.0
10841,5482,2955,3,205.43,5.0
10842,5295,,1,158.66,15.0
10843,6209,1282,3,,10.0
10844,6022,2195,2,125.88,
10845,5996,,4,40.83,15.0
10846,6028,999,2,28.5,5.0
10847,5663,1198,3,,0.0
10848,5957,999,4,,10.0
10849,5289,1376,2,,15.0
10850,6717,,1,83.84,
10851,5498,1143,2,,0.0
10852,6282,999,2,,15.0
10853,6965,1403,1,73.8,5.0
10854,5653,999,3,,5.0
10855,6900,,4,58.39,10.0
10856,6530,999,3,,15.0
10857,5611,1443,3,,10.0
10858,5362,999,1,,10.0
10859,6853,,4,,0.0
10860,6467,,3,,
10861,5013,,4,273.86,
10862,5094,999,2,,5.0
10863,5013,,1,,10.0
10864,5006,999,2,,15.0
10865,5554,999,3,,0.0
10866,6760,,4,,
10867,6049,,2,,
10868,6939,999,4,,10.0
10869,6326,999,3,,15.0
10870,6731,,2,,0.0
10871,6671,,1,,0.0
10872,6678,2141,1,208.41,15.0
10873,6581,,4,,15.0
10874,6959,1861,1,,10.0
10875,6213,999,1,,
10876,5263,,4,167.52,5.0
10877,6839,,3,,10.0
10878,6292,1438,2,134.32,5.0
10879,5979,,3,70.43,0.0
10880,6938,999,2,,15.0
10881,5079,,4,20.56,10.0
10882,6111,,2,,5.0
10883,5776,999,1,,10.0
10884,5125,999,3,175.25,0.0
10885,6590,999,2,278.86,10.0
10886,5983,2076,1,,15.0
10887,5965,999,1,118.58,0.0
10888,6574,1500,3,,5.0
10889,6812,,3,,0.0
10890,6234,999,4,220.78,
10891,5377,1594,1,,0.0
10892,6058,999,2,393.52,5.0
10893,5976,1342,3,389.32,5.0
10894,6979,999,4,,0.0
10895,6039,2371,1,,10.0
10896,6762,,4,138.05,10.0
10897,6023,1576,2,,5.0
10898,6795,2138,4,,5.0
10899,5181,999,1,,15.0
10900,6488,2279,4,,5.0
10901,5598,,3,90.34,15.0
10902,6155,1348,1,,
10903,5364,999,1,315.42,5.0
10904,5320,999,2,,10.0
10905,6157,999,2,,
10906,6980,999,2,260.84,5.0
10907,5943,,1,,0.0
10908,5524,999,4,,10.0
10909,6431,1271,1,,10.0
10910,6374,2697,1,,15.0
10911,6279,2257,1,60.17,15.0
10912,5843,999,4,,0.0
10913,6344,,3,25.72,
10914,6342,,4,,0.0
10915,5186,999,3,,
10916,6613,,2,42.81,0.0
10917,6932,999,2,,15.0
10918,6415,,4,,5.0
10919,6447,,3,15.7,
10920,6135,,1,,10.0
10921,5085,2409,1,,15.0
10922,6669,,1,,
10923,5263,,2,,0.0
10924,5786,2928,1,58.43,0.0
10925,6606,2118,1,340.24,15.0
10926,6871,999,2,,0.0
10927,6965,,2,,5.0
10928,6764,,1,,10.0
10929,6020,999,4,352.97,15.0
10930,6450,2538,3,,
10931,5108,,1,,0.0
10932,6278,999,1,137.99,15.0
10933,6931,1354,3,,0.0
10934,6725,2729,3,,15.0
10935,6030,999,4,,10.0
10936,6096,2690,1,,15.0
10937,6362,,4,,10.0
10938,5910,,2,,
10939,5420,2164,4,,15.0
10940,6688,,2,,5.0
10941,6376,,3,,15.0
10942,6838,2615,3,11.2,15.0
10943,5605,2654,4,,10.0
10944,5096,999,1,234.87,5.0
10945,6213,,3,275.86,10.0
10946,6251,,1,,0.0
10947,5510,1950,4,,
10948,5861,1456,3,,5.0
10949,6562,999,1,232.18,0.0
10950,5295,,2,,0.0
10951,5080,,2,181.89,5.0
10952,5285,,3,184.73,15.0
10953,6849,1334,3,,15.0
10954,6479,2010,2,226.93,10.0
10955,5503,1716,3,,15.0
10956,5049,1150,3,74.34,10.0
10957,5576,,2,385.49,15.0
10958,6767,,1,340.71,5.0
10959,6327,2145,1,,
10960,6971,1202,3,,5.0
10961,5712,999,3,292.82,15.0
10962,6206,1159,3,,
10963,5965,,4,,0.0
10964,6885,999,1,,10.0
10965,5386,999,2,,0.0
10966,5632,1882,3,82.15,5.0
10967,6693,999,3,,0.0
10968,6822,,3,79.72,0.0
10969,5945,1167,1,320.06,5.0
10970,6919,999,3,,
10971,6985,1035,3,399.9,
10972,6545,1357,1,,15.0
10973,5335,,1,,0.0
10974,5896,,3,53.17,
10975,6986,2506,2,,15.0
10976,6725,999,4,315.85,15.0
10977,6657,,4,,0.0
10978,6713,999,4,,
10979,5183,999,4,65.0,0.0
10980,5551,999,2,,5.0
10981,6817,,4,,0.0
10982,6294,,1,220.89,5.0
10983,5549,999,3,,0.0
10984,5653,2891,2,,15.0
10985,5523,,4,,15.0
10986,5798,999,1,177.55,10.0
10987,5447,,3,,10.0
10988,5522,1409,1,,15.0
10989,5349,,2,223.54,0.0
10990,6315,2681,4,,15.0
10991,5038,999,1,,15.0
10992,5208,,1,,15.0
10993,6772,1190,1,,
10994,6921,,1,,10.0
10995,5886,999,1,,
10996,5723,999,2,37.21,10.0
10997,6902,999,3,,10.0
10998,6792,999,1,,15.0
10999,5400,,2,,0.0
