order_id,customer_id,store_id,order_date,payment_method
5000, ,16,2024/10/12,upi
5001, ,28,2024-12-13,upi
5002,,24,2024/06/12,upi
5003,1262,19,2024-06-16,upi
5004, ,12,2024-12-03,card
5005,228,32,2024-02-18,card
5006,827,39,2024-07-21,upi
5007, ,29,not_available,card
5008,,20,not_available,card
5009, ,27,2024-12-13,upi
5010,1495,34,2024-06-10,upi
5011, ,35,2024/01/29,cash
5012,1177,31,2024-03-07,card
5013,1000,32,2024/08/09,upi
5014,,14,not_available,cash
5015,,29,2024-01-13,upi
5016, ,31,2024-08-08,upi
5017,730,14,2024/09/22,cash
5018,,37,2024/03/22,na
5019,,19,2024/10/16,na
5020,184,23,2024-07-12,upi
5021,608,31,2024/11/28,upi
5022,,36,not_available,na
5023,1838,15,not_available,cash
5024,807,13,2024/02/15,upi
5025,,33,2024/06/07,na
5026, ,15,not_available,na
5027,861,21,not_available,na
5028,,31,2024-06-24,card
5029,1623,21,not_available,na
5030,498,15,2024-08-16,card
5031,,28,2024/02/13,na
5032, ,28,2024/08/04,na
5033,1975,25,2024/09/01,card
5034,,32,2024/02/19,na
5035,303,31,2024/08/20,upi
5036,1655,31,2024-11-16,na
5037,159,14,not_available,upi
5038, ,18,not_available,na
5039,,38,2024/11/01,cash
5040,,19,not_available,upi
5041,623,25,2024-03-06,card
5042,469,15,2024-03-17,card
5043,1332,20,not_available,upi
5044, ,20,2024/04/04,card
5045, ,10,not_available,upi
5046,,25,not_available,upi
5047,1089,27,not_available,upi
5048,,12,not_available,na
5049,,20,2024-07-08,na
5050,426,22,not_available,upi
5051, ,37,2024-08-22,upi
5052,,30,2024-05-31,upi
5053, ,25,2024-01-19,na
5054,,36,2024/03/21,card
5055, ,39,2024/06/27,cash
5056,,17,2024/09/22,card
5057,562,34,not_available,cash
5058,893,30,2024/03/27,cash
5059,,12,2024-11-27,cash
5060,849,38,not_available,cash
5061, ,12,not_available,na
5062,,18,not_available,upi
5063,,18,2024/04/07,upi
5064,,24,not_available,cash
5065, ,13,not_available,na
5066, ,11,2024-09-02,cash
5067, ,35,2024-12-31,na
5068,1316,10,2024-05-11,na
5069,788,26,2024/10/23,upi
5070,,31,2024-08-30,upi
5071,,27,2024-06-17,upi
5072,1573,38,not_available,upi
5073,,37,2024/09/29,upi
5074,,28,2024-06-01,na
5075,418,33,2024-08-26,cash
5076,1337,28,2024-08-04,na
5077,,32,not_available,upi
5078,235,35,not_available,cash
5079,,11,not_available,card
5080,,13,not_available,na
5081,,30,2024/05/04,na
5082,806,25,2024/02/22,upi
5083,1674,29,not_available,cash
5084, ,38,2024/07/31,card
5085, ,21,not_available,upi
5086,882,18,2024-10-11,cash
5087,447,12,2024/10/13,na
5088,,15,2024/12/21,na
5089,,24,not_available,card
5090, ,24,2024/11/22,upi
5091,,30,2024-02-29,card
5092, ,13,2024/09/21,na
5093,1874,15,2024/07/31,card
5094,,29,2024-03-13,card
5095,246,33,not_available,cash
5096,111,37,not_available,cash
5097, ,23,2024/06/26,cash
5098,,19,2024/05/19,na
5099,,21,not_available,card
5100, ,14,2024-04-19,cash
5101,,11,2024/12/21,cash
5102,98,34,2024/06/18,card
5103, ,30,2024/07/26,card
5104,1248,32,not_available,card
5105,1141,31,2024-05-20,card
5106, ,36,not_available,cash
5107,1104,28,2024/01/31,cash
5108,,16,2024/06/29,upi
5109, ,32,not_available,card
5110,,20,2024/01/28,upi
5111, ,25,2024/10/17,na
5112, ,31,2024-07-12,upi
5113, ,12,not_available,na
5114,,11,2024-02-09,na
5115,,26,2024/04/09,cash
5116,1282,10,not_available,cash
5117,1958,32,not_available,upi
5118, ,11,2024/02/07,cash
5119, ,16,2024-02-22,cash
5120,,11,2024-12-28,upi
5121,896,32,2024/06/19,upi
5122, ,38,2024/07/17,card
5123,1981,14,not_available,na
5124, ,12,not_available,na
5125,352,25,2024-04-12,na
5126, ,37,not_available,card
5127,,20,2024/09/09,upi
5128, ,37,2024-10-24,upi
5129,962,13,not_available,upi
5130,,12,2024-05-21,upi
5131, ,15,2024/01/11,upi
5132,,28,not_available,cash
5133,1811,16,not_available,na
5134, ,13,2024-04-02,na
5135,,38,2024-01-25,upi
5136,,39,2024/08/30,card
5137, ,39,2024/05/28,cash
5138,,16,not_available,card
5139,156,13,2024-06-01,na
5140, ,22,2024/03/09,card
5141, ,38,2024/11/07,card
5142,,37,2024-10-03,na
5143,291,20,2024/08/17,na
5144,496,27,not_available,upi
5145,821,28,2024-12-10,card
5146,,38,2024-05-07,card
5147,353,23,2024/03/18,na
5148,142,23,2024-05-12,upi
5149,,37,2024-08-07,upi
5150,1663,13,not_available,na
5151, ,19,not_available,na
5152,1124,12,2024/10/14,na
5153,,37,not_available,na
5154,396,21,2024/04/12,card
5155, ,28,2024/03/05,cash
5156, ,19,not_available,cash
5157,,27,not_available,card
5158,1614,29,2024-01-11,upi
5159,1809,38,2024-06-13,upi
5160, ,33,2024-02-03,upi
5161,1406,30,not_available,cash
5162,,13,2024-03-20,upi
5163, ,19,not_available,card
5164, ,15,not_available,cash
5165,,11,not_available,na
5166,943,12,2024-04-03,cash
5167, ,31,2024/07/25,card
5168, ,38,not_available,cash
5169, ,33,not_available,na
5170, ,20,not_available,upi
5171, ,25,not_available,card
5172, ,10,2024/05/16,card
5173,1827,15,not_available,upi
5174,974,14,2024-06-20,upi
5175,,13,2024-11-01,card
5176,,28,2024-11-04,card
5177,,21,not_available,upi
5178,,17,2024-10-09,upi
5179,1147,22,2024-11-15,na
5180,1153,25,2024-06-05,upi
5181,1345,13,not_available,upi
5182,1488,21,not_available,card
5183, ,15,2024-11-17,card
5184,,19,not_available,na
5185,,10,2024/01/19,cash
5186,1625,33,not_available,card
5187,1368,11,2024/04/23,na
5188,,36,2024-05-17,card
5189,215,20,2024/11/11,upi
5190,,10,2024-08-04,cash
5191,1864,15,2024-11-12,card
5192, ,18,2024-01-21,card
5193,,20,not_available,card
5194, ,39,not_available,upi
5195,,16,2024-07-08,card
5196,,31,2024/09/13,card
5197,,22,2024-10-15,na
5198,,34,2024-11-18,card
5199,465,32,2024/02/02,cash
5200,,20,2024/08/09,upi
5201,329,30,not_available,na
5202,1813,26,2024/02/19,card
5203,1827,13,not_available,upi
5204,1001,38,2024-03-08,cash
5205,671,26,2024-05-01,card
5206,1341,39,2024/11/07,card
5207,1342,39,2024-03-01,card
5208, ,37,2024/06/18,card
5209,,32,not_available,upi
5210,934,15,not_available,card
5211,,38,2024-09-12,card
5212,,19,2024-08-16,na
5213,,13,2024-02-15,na
5214,,10,not_available,upi
5215,1390,12,2024-08-20,cash
5216,,35,2024/08/18,na
5217,,22,not_available,na
5218, ,11,2024/05/04,na
5219, ,10,not_available,upi
5220, ,21,2024/04/13,upi
5221,612,20,not_available,na
5222, ,24,not_available,cash
5223,,31,not_available,na
5224,1780,33,not_available,na
5225, ,24,not_available,card
5226,697,27,2024/10/25,card
5227,,32,2024-12-21,upi
5228,1446,21,2024/02/17,upi
5229,1575,39,2024-07-08,card
5230,,15,2024-05-05,card
5231,1879,31,2024-01-02,upi
5232, ,34,2024-05-08,cash
5233, ,25,not_available,cash
5234, ,21,2024/05/18,upi
5235,1878,37,not_available,na
5236,1355,28,2024-11-27,card
5237, ,26,2024/12/27,cash
5238,706,11,not_available,cash
5239,603,22,not_available,upi
5240,,14,2024-06-20,upi
5241,,19,not_available,na
5242,,18,2024-12-25,cash
5243,,14,2024/02/15,cash
5244, ,16,not_available,upi
5245,,28,not_available,upi
5246,1844,24,2024/04/27,upi
5247,,27,not_available,upi
5248, ,14,2024-06-23,cash
5249, ,14,2024-11-20,cash
5250,58,24,2024-01-28,card
5251, ,31,2024/11/30,upi
5252,1944,13,2024/07/25,card
5253,276,17,2024-08-26,upi
5254,1592,14,not_available,card
5255, ,18,2024-08-23,cash
5256,492,25,2024-09-04,cash
5257, ,24,not_available,card
5258,,15,2024/10/29,card
5259,1600,14,2024-10-25,na
5260,348,21,not_available,upi
5261,206,36,2024/01/03,na
5262,,33,not_available,card
5263, ,15,2024/01/21,na
5264,,10,2024-01-21,card
5265,849,33,2024/01/12,upi
5266,,31,2024-04-16,cash
5267, ,21,not_available,cash
5268,1698,37,2024-09-06,card
5269, ,31,2024/09/12,card
5270, ,24,2024-01-25,cash
5271, ,27,2024/03/31,cash
5272, ,31,2024/12/17,cash
5273,,25,2024/08/21,na
5274, ,22,2024-06-28,cash
5275,457,35,2024/11/21,card
5276,,17,2024-02-12,na
5277,,31,2024/04/25,cash
5278, ,26,2024/01/26,cash
5279, ,35,not_available,card
5280,,28,not_available,upi
5281,,29,2024/03/28,upi
5282,162,34,2024-05-13,card
5283, ,15,2024-10-05,upi
5284, ,39,not_available,cash
5285,,22,2024-07-09,cash
5286,1787,32,not_available,card
5287,95,22,2024/08/25,na
5288,,28,2024-02-22,na
5289,1694,22,2024-04-03,cash
5290,,35,not_available,upi
5291,,19,not_available,na
5292,,31,not_available,na
5293,976,34,2024/07/28,na
5294, ,31,not_available,upi
5295,960,18,2024-08-27,cash
5296,1511,10,2024-10-17,cash
5297, ,30,2024-07-15,cash
5298,318,14,2024-11-26,upi
5299,702,20,2024-01-12,upi
5300,,20,2024/07/17,card
5301, ,27,2024-07-10,cash
5302,1565,16,not_available,card
5303,,35,2024/05/02,card
5304, ,24,2024-05-04,upi
5305,,39,2024-07-03,card
5306,555,20,2024-03-03,upi
5307,1528,35,2024-11-27,card
5308, ,27,2024/10/06,card
5309,1325,23,not_available,cash
5310,,28,not_available,na
5311,1003,38,2024/12/08,upi
5312, ,23,not_available,cash
5313, ,18,2024/11/05,upi
5314, ,18,2024/06/20,cash
5315,1550,25,2024-12-21,na
5316,694,36,2024/08/05,cash
5317,,32,not_available,cash
5318, ,26,2024-05-12,cash
5319, ,38,not_available,cash
5320,1007,33,2024/10/10,cash
5321, ,16,not_available,upi
5322,1445,13,2024/03/03,cash
5323,121,25,not_available,na
5324, ,17,not_available,card
5325,1,18,2024-09-17,cash
5326,1209,11,2024/05/04,card
5327,1049,22,2024/10/10,na
5328, ,22,not_available,na
5329,,32,2024-06-01,cash
5330,,27,2024/07/16,na
5331,,18,2024/10/17,cash
5332,,22,2024-08-08,card
5333, ,29,2024/09/17,upi
5334,,19,2024/12/04,na
5335,638,21,not_available,cash
5336, ,12,2024/02/10,card
5337, ,33,not_available,na
5338,,27,2024-01-24,card
5339, ,28,2024-03-25,na
5340,241,30,2024-02-15,card
5341, ,27,not_available,na
5342,,23,2024/10/28,cash
5343,,16,2024/11/01,upi
5344,,29,2024/12/24,card
5345, ,16,2024-11-03,card
5346,1925,36,2024-09-16,na
5347,,39,2024-07-19,card
5348,,28,2024-12-29,upi
5349, ,16,2024-09-30,upi
5350,,25,2024/04/12,card
5351,,14,2024-03-22,cash
5352,34,39,not_available,card
5353,,14,2024-10-05,na
5354,123,29,2024/06/24,cash
5355,,27,not_available,na
5356,,35,2024/04/28,card
5357,1222,34,2024/02/27,card
5358,,20,2024-11-08,upi
5359, ,27,2024-09-25,cash
5360,1299,20,2024-04-22,upi
5361,1502,20,not_available,cash
5362, ,16,not_available,card
5363,1555,36,2024-06-07,na
5364,233,13,2024-07-01,upi
5365,1693,36,2024/06/16,cash
5366,252,39,2024/05/14,cash
5367,268,16,2024-02-09,upi
5368, ,18,2024-12-29,cash
5369,,26,not_available,upi
5370,,34,2024-05-06,na
5371, ,27,not_available,card
5372,,39,2024/02/25,upi
5373,,20,2024-01-26,na
5374,,23,2024-09-04,card
5375, ,19,not_available,na
5376, ,38,2024-03-11,card
5377, ,33,2024/01/07,card
5378,58,22,2024/09/04,card
5379, ,27,not_available,upi
5380, ,18,not_available,cash
5381,,29,2024/02/14,cash
5382, ,11,2024-05-05,cash
5383,224,32,2024/03/16,cash
5384,131,31,not_available,card
5385,104,21,2024/10/13,upi
5386,,24,2024/01/22,na
5387,,27,2024/10/28,na
5388,,21,2024/05/27,na
5389,1390,34,not_available,card
5390, ,23,not_available,upi
5391, ,38,not_available,card
5392, ,28,2024-02-21,na
5393,385,21,2024/02/24,upi
5394,,23,2024/11/08,cash
5395,636,17,2024-11-25,cash
5396,833,26,2024-07-10,na
5397,1963,27,2024/07/25,upi
5398, ,18,2024/09/13,upi
5399, ,29,not_available,upi
5400, ,17,not_available,upi
5401,,32,2024/05/24,card
5402,698,16,2024-03-19,upi
5403, ,25,2024-02-27,upi
5404, ,10,2024-12-15,cash
5405,,24,2024-09-21,card
5406,,36,2024-07-13,cash
5407,,35,2024-05-30,na
5408,771,30,not_available,cash
5409, ,37,2024/08/02,cash
5410, ,37,2024/03/10,na
5411,,38,2024/11/28,na
5412, ,14,2024-11-01,na
5413, ,30,2024/02/11,card
5414,507,17,2024/10/30,cash
5415, ,27,not_available,cash
5416,,21,not_available,na
5417,1190,33,2024/09/19,card
5418,,10,2024-11-28,cash
5419, ,38,2024-04-09,upi
5420,145,28,2024/09/29,cash
5421, ,29,2024/01/28,card
5422,772,16,2024/11/25,cash
5423, ,39,2024-05-24,cash
5424, ,27,2024/08/29,upi
5425,,25,2024-02-15,na
5426, ,34,not_available,upi
5427, ,24,not_available,upi
5428,567,22,2024-10-12,upi
5429, ,27,not_available,upi
5430,486,20,not_available,cash
5431,1841,10,2024/12/05,upi
5432,1097,24,2024-01-12,cash
5433, ,37,2024/07/09,na
5434,,36,2024-04-23,card
5435,727,32,2024-01-11,card
5436,1626,16,2024/02/10,na
5437,1144,18,2024/08/23,cash
5438,,30,not_available,cash
5439,1110,35,2024-09-08,na
5440,,26,not_available,card
5441,,22,not_available,card
5442,,27,not_available,cash
5443,,38,not_available,cash
5444,321,15,2024/02/27,cash
5445,,31,2024-05-23,na
5446,,27,2024-12-04,upi
5447,1224,30,not_available,cash
5448,,25,2024-04-09,na
5449, ,16,2024/01/10,card
5450,1204,34,not_available,card
5451, ,37,not_available,cash
5452, ,19,not_available,na
5453,670,37,2024-05-31,na
5454,,22,2024/10/29,na
5455, ,30,2024/10/30,cash
5456,,16,2024-09-07,upi
5457,,31,2024/09/30,na
5458,,18,not_available,upi
5459,,19,2024-07-18,na
5460, ,39,2024/06/05,cash
5461,1062,26,not_available,card
5462,1106,37,2024-05-16,upi
5463, ,17,not_available,na
5464, ,10,not_available,card
5465,,22,not_available,card
5466,967,39,not_available,cash
5467,,33,2024/04/24,upi
5468,,37,2024/06/21,card
5469, ,12,2024/01/15,upi
5470, ,26,not_available,card
5471,353,17,not_available,na
5472, ,38,2024-01-26,card
5473,,20,2024-10-18,na
5474,679,38,not_available,cash
5475,,29,2024-10-31,na
5476, ,37,not_available,upi
5477,1812,35,not_available,na
5478, ,12,not_available,cash
5479,475,37,2024-11-24,cash
5480, ,11,2024-09-07,upi
5481,,11,not_available,card
5482,,12,not_available,card
5483, ,20,2024-10-15,card
5484,,29,not_available,card
5485,1603,22,2024/11/10,cash
5486,651,20,2024-11-18,cash
5487, ,34,2024-07-30,cash
5488, ,18,not_available,na
5489,,30,2024/08/19,cash
5490,,34,not_available,cash
5491,,22,2024/01/27,na
5492,983,21,not_available,card
5493,397,31,not_available,card
5494, ,13,2024/02/10,upi
5495, ,28,2024-08-31,upi
5496,1593,27,not_available,card
5497, ,11,2024-06-24,cash
5498,,30,2024-01-05,cash
5499, ,26,2024/04/18,upi
5500, ,32,not_available,na
5501,1985,18,2024/02/03,cash
5502,,10,2024/10/15,upi
5503,,12,2024-03-25,na
5504,,12,2024/04/22,na
5505,,24,not_available,na
5506, ,37,not_available,na
5507,1748,33,2024-06-20,card
5508,1648,10,2024/07/13,upi
5509,655,20,2024-02-26,card
5510,1129,31,2024/07/11,card
5511, ,36,2024-07-09,upi
5512, ,19,not_available,cash
5513,724,13,2024/01/14,na
5514,,26,not_available,card
5515,,28,not_available,upi
5516, ,32,not_available,cash
5517, ,36,2024/09/13,card
5518,,20,2024-08-26,cash
5519,674,11,2024-08-28,cash
5520,669,11,2024/03/12,na
5521,1217,17,2024-09-09,na
5522,1890,22,2024/12/26,na
5523,423,26,2024-04-26,upi
5524,772,17,not_available,cash
5525,389,34,2024-03-01,cash
5526,1032,17,not_available,card
5527,,31,2024-02-11,upi
5528,1800,16,2024/08/24,na
5529,1808,29,2024-01-12,na
5530,,36,2024-07-01,cash
5531,2,21,not_available,na
5532,,25,not_available,card
5533,,24,2024/06/28,card
5534,,21,2024-09-19,cash
5535, ,20,2024-04-12,card
5536, ,27,2024-11-09,upi
5537,,25,2024/05/06,card
5538,1797,17,2024/03/14,cash
5539,1572,11,2024/10/04,card
5540, ,35,2024/01/11,na
5541,,32,2024/06/04,upi
5542, ,17,not_available,card
5543,,21,not_available,upi
5544, ,38,2024/01/08,upi
5545,,32,2024-04-23,upi
5546,,30,2024-09-24,card
5547,1685,22,not_available,upi
5548, ,31,2024/10/07,upi
5549,1614,16,2024-03-03,na
5550,1580,11,2024/03/21,card
5551, ,36,2024-02-03,card
5552,892,31,2024/09/08,card
5553, ,35,2024-03-25,upi
5554,100,10,2024-03-04,card
5555, ,10,2024/09/23,upi
5556,281,27,not_available,card
5557,1942,39,2024-07-25,cash
5558, ,27,not_available,upi
5559,53,25,2024/03/07,card
5560,134,13,2024-06-29,upi
5561,192,20,2024-10-25,na
5562,,22,2024-05-24,na
5563,1882,11,not_available,upi
5564,1489,15,not_available,na
5565, ,35,2024-10-06,card
5566, ,35,2024/09/19,card
5567,,36,2024/10/03,upi
5568, ,20,2024/12/07,cash
5569,,11,2024-10-21,na
5570,1591,15,not_available,na
5571,,27,not_available,card
5572, ,34,2024/11/13,card
5573,,24,not_available,na
5574, ,29,2024/04/19,cash
5575,736,21,2024/11/28,upi
5576, ,35,not_available,na
5577, ,14,not_available,upi
5578,117,33,2024/12/04,card
5579,,27,2024-12-31,upi
5580, ,23,2024/08/22,card
5581,,37,2024/07/14,cash
5582,432,10,2024-03-07,upi
5583, ,22,2024-04-29,upi
5584,1024,33,2024/01/17,upi
5585,637,38,2024/03/07,card
5586,1821,18,2024-09-20,upi
5587,,23,2024-05-06,card
5588, ,17,2024/04/15,na
5589, ,19,not_available,upi
5590,1276,23,2024-11-27,na
5591, ,29,2024-08-20,card
5592, ,27,2024-01-03,na
5593, ,26,not_available,na
5594, ,14,2024/04/28,card
5595, ,23,2024-06-01,upi
5596,913,15,2024/05/07,cash
5597,553,31,2024-02-01,upi
5598,,19,2024/03/14,cash
5599,1407,39,2024/03/06,upi
5600, ,24,2024-07-03,na
5601, ,36,not_available,upi
5602, ,14,2024/07/30,card
5603, ,27,not_available,card
5604, ,38,2024/06/01,na
5605,,37,2024/05/31,card
5606,1813,29,2024/06/14,card
5607,,29,not_available,card
5608, ,17,not_available,card
5609,872,25,2024-11-04,cash
5610,,34,2024-03-19,upi
5611,,25,2024-06-29,upi
5612,,20,2024/02/19,upi
5613,,12,2024-10-03,card
5614, ,22,2024/04/17,upi
5615,1859,33,2024/09/05,na
5616, ,37,not_available,cash
5617, ,20,not_available,na
5618, ,38,2024/12/02,cash
5619,,17,2024-07-19,na
5620, ,17,2024-06-25,card
5621, ,22,2024/03/06,cash
5622,1478,39,2024-10-17,upi
5623,502,11,not_available,cash
5624,910,25,2024/05/25,card
5625,1770,38,not_available,cash
5626,,18,2024/07/04,na
5627,1065,25,2024/09/24,card
5628,,18,not_available,card
5629, ,31,2024-10-28,na
5630, ,16,not_available,card
5631,,16,2024-02-18,upi
5632,,23,2024-09-22,card
5633,1644,38,not_available,upi
5634, ,32,2024-02-14,card
5635,1190,22,not_available,card
5636,1130,17,2024/10/21,upi
5637,,38,not_available,upi
5638, ,30,not_available,na
5639,621,38,2024-02-22,card
5640, ,39,2024-02-17,card
5641, ,12,2024-05-27,card
5642,1431,12,not_available,na
5643, ,11,2024/05/04,na
5644,,21,not_available,upi
5645,,38,not_available,card
5646, ,19,2024/12/28,card
5647,,22,2024-12-14,upi
5648, ,12,2024-09-06,upi
5649,,37,2024-01-25,card
5650,310,12,2024-07-30,na
5651,,29,2024-09-30,card
5652,,39,2024/01/27,upi
5653,,16,not_available,upi
5654,1957,28,2024/12/06,upi
5655,95,11,2024-06-05,card
5656, ,27,2024-07-29,cash
5657,1919,11,2024-07-23,upi
5658,,32,2024/02/12,cash
5659,,37,not_available,upi
5660,,36,2024-03-19,upi
5661,1985,20,2024/06/02,card
5662,,29,2024-06-13,card
5663,,33,2024-03-26,cash
5664,,38,2024-03-25,card
5665,,38,not_available,upi
5666,,15,2024-08-25,card
5667,1497,22,2024/06/28,cash
5668, ,30,2024/12/31,cash
5669, ,37,2024-04-23,upi
5670, ,36,2024-02-02,upi
5671,443,37,2024/07/07,card
5672,,35,2024-06-13,na
5673,,23,not_available,na
5674, ,15,2024-12-10,cash
5675,,27,2024-06-07,card
5676,,29,2024-09-22,na
5677,,17,not_available,upi
5678, ,39,2024-11-22,card
5679,1568,37,2024-07-31,cash
5680,1540,15,not_available,cash
5681, ,35,2024-09-29,na
5682,,24,2024/09/18,card
5683,,10,not_available,na
5684,740,39,not_available,na
5685,,36,not_available,upi
5686,483,21,not_available,upi
5687,,20,2024/11/25,na
5688,223,16,2024-01-02,card
5689,,37,2024-04-14,card
5690,1406,17,2024/08/27,cash
5691,1823,12,2024/11/08,upi
5692, ,14,2024/09/13,cash
5693,,17,2024-08-01,cash
5694, ,39,not_available,cash
5695,,15,2024-04-02,cash
5696,280,23,2024-01-22,na
5697, ,30,2024-01-30,cash
5698,,15,2024/07/24,card
5699, ,29,2024/06/06,cash
5700,,20,not_available,upi
5701, ,20,2024/10/22,card
5702,1282,10,not_available,cash
5703,657,32,not_available,cash
5704, ,35,2024/11/18,na
5705,894,13,2024-02-04,na
5706, ,10,2024-08-26,cash
5707,486,10,2024/01/31,cash
5708,,38,2024-01-02,upi
5709,241,30,2024-06-10,upi
5710,,18,not_available,cash
5711,,21,2024-10-11,na
5712,,39,2024-04-16,card
5713,1349,26,not_available,na
5714, ,32,not_available,card
5715,,23,not_available,card
5716,,18,2024/06/06,upi
5717,1084,29,2024/11/28,upi
5718,,15,2024-11-06,na
5719, ,39,2024-03-19,cash
5720,903,32,2024/04/12,cash
5721,1200,19,2024/01/14,cash
5722,,18,not_available,cash
5723,,20,2024/10/14,na
5724, ,22,2024-12-27,cash
5725,271,20,2024-12-12,na
5726,,20,not_available,cash
5727,1455,17,2024/10/26,cash
5728,1723,29,not_available,na
5729,1982,11,not_available,upi
5730,,12,2024/06/14,cash
5731,,18,2024-07-27,na
5732,,30,2024/01/24,upi
5733,,32,2024/02/26,na
5734, ,30,2024/03/18,cash
5735, ,29,2024-12-29,card
5736,,21,not_available,na
5737, ,39,2024/03/04,na
5738,,24,2024/12/03,upi
5739, ,35,2024-02-15,card
5740, ,10,2024-02-07,upi
5741, ,33,2024/03/02,upi
5742,807,23,not_available,upi
5743,,37,not_available,card
5744, ,11,2024-05-23,cash
5745, ,24,not_available,upi
5746,1168,22,2024-04-17,na
5747, ,30,2024-02-10,cash
5748,,35,2024-01-17,card
5749,,28,2024-06-17,card
5750, ,32,2024-10-06,cash
5751,1153,39,2024/11/20,card
5752,,22,not_available,upi
5753,829,16,not_available,cash
5754,,11,not_available,na
5755,,10,not_available,cash
5756, ,30,2024/11/29,cash
5757,,30,2024-08-20,na
5758, ,29,not_available,card
5759, ,36,2024-01-25,cash
5760,,23,2024/12/24,na
5761, ,39,2024-03-19,na
5762, ,16,2024-10-18,na
5763, ,20,2024/12/12,na
5764,81,14,2024/08/25,card
5765,1291,36,not_available,na
5766, ,26,not_available,upi
5767,1913,39,2024-05-16,upi
5768, ,22,not_available,card
5769,,12,2024/01/19,card
5770,,17,not_available,upi
5771, ,27,2024/07/11,card
5772,,13,not_available,upi
5773,1514,27,2024/01/22,cash
5774,110,35,2024-03-27,card
5775,922,19,2024/07/29,card
5776,,12,2024/11/05,upi
5777,,22,not_available,cash
5778,1162,18,not_available,cash
5779,1280,13,not_available,na
5780,,35,not_available,na
5781, ,34,2024-04-21,na
5782,1682,18,2024/05/21,upi
5783,,37,2024-10-06,card
5784, ,16,not_available,cash
5785, ,30,not_available,card
5786,867,36,2024-08-19,cash
5787, ,32,not_available,na
5788, ,14,2024/07/29,upi
5789, ,14,not_available,upi
5790,,14,2024-11-08,upi
5791,,10,2024/11/29,cash
5792,,33,2024/03/18,na
5793,,25,not_available,upi
5794, ,29,2024/01/28,card
5795,251,31,2024/03/21,cash
5796,,10,not_available,na
5797,1505,15,2024-05-25,card
5798,,13,2024-05-07,upi
5799,,20,2024-05-31,na
5800,,26,not_available,upi
5801, ,19,2024-05-26,na
5802, ,19,not_available,upi
5803,,16,not_available,card
5804, ,19,not_available,upi
5805,,39,not_available,na
5806,,25,2024-11-12,card
5807,,23,2024-02-12,upi
5808,654,25,not_available,cash
5809,1268,22,2024-05-12,cash
5810, ,10,2024/05/29,card
5811,,23,2024/09/05,card
5812,1296,24,2024/03/31,card
5813, ,29,2024-05-02,upi
5814,,30,not_available,cash
5815,,13,not_available,cash
5816,51,27,not_available,cash
5817, ,39,not_available,upi
5818, ,34,2024/08/06,cash
5819,1704,10,2024/03/31,na
5820, ,28,not_available,na
5821,,39,2024/08/19,upi
5822,,11,2024-06-04,cash
5823,,10,not_available,cash
5824,,17,2024/11/17,na
5825, ,25,2024/02/17,upi
5826, ,35,2024/07/22,upi
5827,1392,11,2024/08/21,card
5828, ,38,2024-12-08,cash
5829,,23,2024/11/28,upi
5830,844,14,2024-01-15,card
5831,,10,2024-07-07,card
5832,942,31,not_available,card
5833, ,18,not_available,cash
5834,719,24,2024-08-04,na
5835,,16,not_available,upi
5836, ,13,2024-02-29,card
5837,,22,not_available,na
5838,1678,12,2024-01-29,na
5839,1394,29,not_available,na
5840, ,19,2024/03/04,upi
5841, ,38,2024-09-05,cash
5842, ,37,2024/12/03,na
5843,1528,23,2024-04-20,na
5844,1425,29,2024/05/31,upi
5845,776,19,not_available,na
5846,1494,34,not_available,upi
5847,1555,28,not_available,cash
5848, ,18,2024/11/16,card
5849,,18,2024-01-22,na
5850,,15,2024/05/10,card
5851, ,11,2024/02/28,upi
5852,1197,21,not_available,upi
5853,,19,2024-09-26,upi
5854,382,11,not_available,cash
5855, ,14,not_available,na
5856,,30,not_available,card
5857, ,39,2024/12/06,cash
5858,,14,2024-04-09,upi
5859, ,12,2024-01-20,cash
5860, ,37,2024-07-17,cash
5861,1272,26,2024/04/03,upi
5862,,29,2024-03-11,cash
5863, ,17,not_available,upi
5864,869,37,not_available,upi
5865,603,30,2024-11-24,card
5866,219,28,2024/06/19,cash
5867,,11,2024-07-11,na
5868, ,11,2024-06-06,cash
5869,,29,2024-11-05,cash
5870,1363,18,2024-11-20,card
5871,96,13,2024/04/13,upi
5872,,27,not_available,card
5873, ,23,2024-10-22,na
5874, ,25,2024/03/25,na
5875,167,31,2024-04-11,card
5876, ,11,2024-09-06,upi
5877,658,26,2024/08/28,upi
5878, ,26,not_available,cash
5879, ,14,2024-08-21,card
5880,327,15,2024-04-12,card
5881,505,15,2024/09/09,upi
5882,,24,2024/06/22,cash
5883,,32,2024/06/25,card
5884,891,38,not_available,na
5885, ,37,2024/06/01,cash
5886,,36,2024-12-25,cash
5887,1730,16,2024/01/09,upi
5888,,13,2024/12/17,upi
5889,229,30,not_available,cash
5890, ,20,2024/01/27,upi
5891,,17,2024-10-26,upi
5892,342,38,not_available,cash
5893,28,11,not_available,cash
5894,,32,2024-05-29,cash
5895, ,22,not_available,cash
5896,937,37,2024/03/03,cash
5897,1447,15,2024-05-03,cash
5898, ,36,not_available,upi
5899,,38,2024-06-29,upi
5900,663,10,2024-10-30,na
5901, ,39,2024/04/06,cash
5902,392,10,2024/09/11,na
5903, ,17,2024/04/06,card
5904,1566,20,2024/09/18,na
5905,1246,36,not_available,na
5906,,29,not_available,na
5907,,22,2024-08-30,na
5908,,16,2024-06-13,card
5909,,32,2024-02-01,cash
5910,878,34,2024-09-15,na
5911,865,37,2024-02-01,card
5912, ,25,not_available,cash
5913, ,27,2024-07-30,upi
5914,,33,2024-03-20,card
5915,1978,23,not_available,na
5916,,30,2024-10-25,cash
5917, ,33,2024-10-10,upi
5918, ,26,not_available,na
5919,,31,2024/01/29,upi
5920,,37,2024-11-19,upi
5921,,13,not_available,na
5922,951,31,not_available,card
5923, ,27,2024/09/30,upi
5924,1229,36,not_available,upi
5925, ,32,2024-07-17,na
5926,,14,2024-03-26,na
5927,,22,2024-03-31,card
5928,19,30,2024/06/15,card
5929,43,19,not_available,card
5930,59,25,not_available,card
5931, ,39,not_available,card
5932,432,38,2024/07/16,upi
5933, ,26,2024/10/25,upi
5934, ,27,not_available,upi
5935,,28,2024-08-11,card
5936,,13,2024-03-20,card
5937,,30,not_available,upi
5938,205,12,not_available,na
5939, ,25,2024-06-06,na
5940,539,10,2024/02/21,cash
5941,,29,2024-09-29,card
5942, ,19,not_available,card
5943, ,11,not_available,cash
5944, ,24,2024/12/03,upi
5945,1580,33,not_available,card
5946,31,15,2024-05-27,upi
5947, ,14,2024-12-05,cash
5948,,11,2024/02/06,cash
5949,,15,2024/09/20,upi
5950, ,16,not_available,na
5951,1134,21,2024-01-21,na
5952, ,21,2024/09/08,card
5953, ,16,not_available,cash
5954, ,33,2024/07/31,cash
5955,,34,2024-09-01,card
5956,,32,not_available,cash
5957, ,32,not_available,card
5958,1237,34,2024/04/24,card
5959, ,33,not_available,cash
5960,397,15,not_available,upi
5961, ,15,not_available,card
5962,,34,2024-06-04,na
5963,,32,not_available,upi
5964,1847,30,2024/07/10,na
5965, ,20,not_available,card
5966,672,37,2024/05/01,cash
5967,287,24,not_available,card
5968,1183,22,2024/05/14,na
5969,,12,2024-03-20,na
5970, ,26,not_available,na
5971,573,32,2024/08/25,upi
5972,,30,not_available,na
5973,1183,37,2024/02/03,card
5974,306,18,2024/01/31,upi
5975, ,20,2024/05/10,na
5976,,31,2024-11-10,na
5977, ,30,2024/04/28,na
5978,,11,not_available,upi
5979, ,20,not_available,na
5980,,20,2024-10-02,upi
5981,310,39,not_available,upi
5982, ,11,2024-01-28,card
5983,,17,not_available,upi
5984,1282,11,2024-03-21,card
5985,,32,2024-04-22,na
5986, ,22,not_available,cash
5987,,32,2024/02/07,upi
5988, ,27,2024/10/14,card
5989,,10,2024-06-09,upi
5990,869,18,not_available,na
5991,,10,2024-04-16,card
5992,,31,not_available,na
5993,,18,2024-09-24,card
5994, ,33,2024/01/06,na
5995,,19,not_available,cash
5996,899,19,2024-02-21,upi
5997,1889,23,2024-02-24,na
5998,1805,35,2024/04/05,cash
5999,10,20,not_available,card
6000, ,18,not_available,na
6001, ,14,not_available,upi
6002,1114,35,2024-08-11,na
6003,,19,2024-10-18,card
6004,466,24,2024/06/28,cash
6005,1040,30,2024-12-01,card
6006, ,24,not_available,cash
6007, ,13,2024-08-21,card
6008,,18,2024/11/03,upi
6009,,37,2024-10-29,card
6010, ,24,not_available,na
6011,1721,16,2024/10/28,card
6012,1159,12,not_available,upi
6013,1257,31,not_available,card
6014,,19,2024/05/11,upi
6015, ,22,2024/08/13,upi
6016,,26,2024-01-03,cash
6017,,14,2024/05/02,card
6018,,31,2024/01/29,upi
6019,1583,28,2024/11/06,upi
6020, ,21,2024/12/24,na
6021,,14,2024-05-24,na
6022, ,32,2024/08/17,card
6023,,18,not_available,na
6024,,27,2024-01-30,card
6025,1983,19,not_available,na
6026,,19,2024/06/23,upi
6027, ,31,not_available,upi
6028,147,20,2024-10-05,card
6029,,12,2024/10/24,cash
6030,1505,34,2024/08/14,cash
6031,,21,2024/03/15,cash
6032,,27,not_available,na
6033, ,33,not_available,cash
6034, ,22,not_available,upi
6035,172,18,not_available,cash
6036, ,28,2024-04-05,card
6037,,11,2024-02-03,cash
6038, ,14,2024/06/22,card
6039,1680,23,2024-10-31,card
6040,,25,2024/09/07,upi
6041,826,39,2024-04-09,na
6042, ,24,2024-06-23,upi
6043,,23,2024-10-15,cash
6044, ,20,not_available,card
6045, ,28,2024-08-09,card
6046,,20,2024/09/13,card
6047,154,35,not_available,upi
6048,,18,2024/06/22,upi
6049, ,24,2024-03-01,card
6050,,18,2024-11-28,cash
6051, ,32,not_available,na
6052,1188,27,2024/01/05,card
6053,744,13,not_available,upi
6054,,24,not_available,cash
6055, ,33,2024/09/04,na
6056, ,30,2024/12/10,cash
6057,,38,2024-09-23,card
6058,1624,37,not_available,cash
6059,,34,not_available,card
6060,,26,2024/10/03,upi
6061,823,36,2024-08-09,cash
6062,1571,25,2024-04-03,card
6063,,31,2024-06-29,cash
6064,1434,16,not_available,card
6065,,19,2024/09/20,cash
6066,,15,2024/02/21,cash
6067, ,25,not_available,upi
6068,,24,2024/07/24,na
6069,,30,2024-01-07,cash
6070,1765,26,2024-02-03,upi
6071, ,33,not_available,upi
6072,,21,2024/09/05,card
6073,,30,2024-03-20,na
6074, ,22,2024/01/30,card
6075,,23,2024-10-01,na
6076,,23,2024-08-14,upi
6077,623,16,not_available,cash
6078,1305,25,2024/11/11,na
6079,,13,2024-08-08,card
6080, ,29,not_available,na
6081,940,31,2024-08-13,na
6082, ,20,2024/07/04,na
6083,,27,2024-05-31,na
6084,1527,22,not_available,upi
6085, ,33,2024/05/21,cash
6086, ,10,not_available,na
6087,1620,32,2024-02-08,upi
6088, ,22,not_available,cash
6089, ,29,2024/02/27,upi
6090,,38,2024/07/04,na
6091,,13,2024-05-26,cash
6092,989,21,2024-02-23,na
6093, ,35,2024-04-08,cash
6094,,32,2024/09/20,card
6095,,15,2024-10-07,card
6096, ,14,2024-08-01,na
6097,,20,not_available,card
6098, ,25,2024/06/08,na
6099,,24,2024/03/13,na
6100, ,12,not_available,na
6101, ,23,2024/03/18,card
6102,,34,not_available,upi
6103,,35,2024/06/03,cash
6104, ,31,not_available,cash
6105,367,34,2024/12/19,card
6106,,38,not_available,upi
6107,1626,29,not_available,upi
6108, ,32,2024-09-01,upi
6109,1134,33,2024/09/22,cash
6110, ,19,2024/05/19,upi
6111,1904,12,2024-04-22,upi
6112,,17,2024/03/11,card
6113,1737,25,2024-10-06,cash
6114, ,37,2024-08-20,cash
6115, ,37,2024-04-15,card
6116, ,12,not_available,card
6117,,25,2024/06/02,na
6118,,28,2024-07-03,na
6119,,27,2024-02-02,na
6120,,26,2024/07/17,na
6121,1810,12,2024-03-09,na
6122,1786,27,2024-04-30,na
6123, ,19,2024-03-22,card
6124,124,28,2024-06-17,upi
6125,435,16,not_available,cash
6126,1076,28,2024-07-12,cash
6127,1279,12,2024/11/05,upi
6128, ,21,2024/05/07,card
6129,798,23,2024/06/28,upi
6130, ,24,2024/09/12,card
6131,116,21,2024-03-18,upi
6132,,14,2024/07/22,cash
6133,,23,not_available,card
6134,,29,2024/01/09,card
6135, ,11,2024-01-30,card
6136,,21,2024/03/08,na
6137,597,30,not_available,na
6138,,36,2024/03/14,card
6139,1484,27,2024/04/05,upi
6140, ,24,2024-06-06,upi
6141, ,38,not_available,card
6142, ,10,2024-05-31,card
6143,1543,22,2024-01-08,card
6144,,11,2024-10-27,cash
6145,,37,not_available,cash
6146,360,21,2024/02/05,cash
6147,1538,12,2024-01-01,cash
6148,,32,not_available,card
6149, ,25,2024/04/11,card
6150,210,29,2024-11-25,cash
6151,,15,not_available,cash
6152,,25,not_available,card
6153,,39,2024/12/04,upi
6154, ,23,2024/08/31,card
6155,252,17,2024/04/03,card
6156,738,37,2024/09/08,na
6157,,28,not_available,cash
6158,,23,2024-03-15,cash
6159, ,36,2024-07-04,upi
6160,,24,2024-01-31,card
6161, ,35,not_available,upi
6162, ,33,2024-04-15,na
6163, ,10,2024-10-29,upi
6164, ,14,2024-12-17,upi
6165,,17,not_available,upi
6166,564,12,2024-03-15,upi
6167, ,17,not_available,upi
6168,786,17,not_available,cash
6169, ,28,not_available,card
6170,1649,29,2024/01/28,card
6171,761,26,not_available,na
6172,,29,not_available,cash
6173, ,20,2024/06/02,na
6174,1034,17,not_available,card
6175, ,21,not_available,cash
6176,,24,not_available,upi
6177,273,30,2024/10/23,upi
6178,,34,not_available,cash
6179,209,31,2024/03/16,upi
6180,1851,31,2024-04-26,cash
6181, ,38,not_available,upi
6182, ,31,2024/04/01,card
6183, ,16,2024-03-13,card
6184, ,39,2024/10/16,cash
6185, ,18,2024-09-22,card
6186,1753,36,2024-01-31,card
6187,1802,34,2024-10-31,cash
6188,953,31,2024/01/20,cash
6189, ,35,2024/07/13,card
6190,784,31,not_available,cash
6191,1441,26,2024-02-16,upi
6192, ,22,not_available,na
6193, ,15,not_available,upi
6194, ,24,2024/02/07,card
6195,1079,25,2024/01/25,cash
6196,355,35,2024-09-05,cash
6197,1744,29,2024-04-07,cash
6198,,18,2024/07/03,na
6199,116,25,2024/07/01,cash
6200,,30,2024-04-14,upi
6201, ,35,2024/08/17,card
6202,58,24,2024-05-18,upi
6203, ,12,2024/08/19,na
6204,742,27,2024/03/12,card
6205,,20,2024/03/23,upi
6206, ,16,2024/06/30,cash
6207,1190,15,not_available,cash
6208, ,23,not_available,na
6209,,22,2024-01-13,card
6210,,11,not_available,na
6211,1821,35,not_available,na
6212, ,27,2024-12-01,na
6213,886,38,not_available,cash
6214, ,36,not_available,na
6215, ,11,2024-08-24,na
6216,1092,19,not_available,na
6217,1251,24,not_available,card
6218,,38,2024-08-22,card
6219,788,26,not_available,upi
6220, ,34,not_available,upi
6221,602,36,not_available,card
6222, ,35,2024-08-13,cash
6223,1963,34,2024-07-07,card
6224,1865,31,2024-10-02,cash
6225,,39,not_available,card
6226,,19,2024/05/05,cash
6227, ,26,2024/02/10,upi
6228, ,26,2024/01/23,card
6229,1241,28,2024-11-19,na
6230,362,38,2024/10/09,cash
6231,,24,2024/10/19,na
6232,1142,15,2024-03-10,na
6233,847,38,2024/08/26,card
6234,,38,2024-02-14,cash
6235,1372,38,2024-11-02,upi
6236,1161,17,2024/09/13,upi
6237,,30,2024-03-23,na
6238,225,38,2024-08-13,cash
6239,,39,2024/05/21,upi
6240,,32,2024/01/03,na
6241,,16,2024-07-10,cash
6242,,32,2024-09-10,na
6243,,34,not_available,na
6244,,19,2024/02/18,na
6245,131,19,2024/09/10,card
6246,967,18,2024/07/14,card
6247, ,15,2024/09/29,card
6248, ,37,not_available,na
6249, ,36,not_available,upi
6250, ,39,2024/05/30,card
6251,,35,2024-12-11,na
6252,,10,2024-06-26,card
6253,,26,not_available,upi
6254,,38,not_available,na
6255,572,10,2024-03-29,upi
6256, ,12,not_available,card
6257, ,18,2024/02/25,card
6258,1378,36,not_available,cash
6259,,13,2024/04/24,na
6260,,12,2024-11-13,upi
6261,,25,not_available,upi
6262,,30,2024/06/10,na
6263,821,11,2024/02/08,card
6264, ,31,2024-04-08,na
6265,,35,2024/07/21,card
6266,,17,2024/08/31,upi
6267,439,28,2024/01/06,cash
6268,,10,not_available,cash
6269, ,15,2024-05-05,na
6270,,34,2024/07/06,cash
6271,,19,2024/09/09,cash
6272,1394,21,not_available,upi
6273,354,38,2024-09-30,na
6274,,35,2024/05/22,cash
6275,,31,not_available,na
6276,21,29,not_available,card
6277,1811,11,not_available,na
6278,,31,not_available,cash
6279,,29,not_available,cash
6280,,20,2024/12/20,cash
6281, ,37,2024-08-24,na
6282,1068,21,not_available,upi
6283,,35,2024/09/25,na
6284,,21,2024-06-21,card
6285,1491,19,not_available,cash
6286, ,15,2024-10-31,cash
6287,682,36,2024/11/04,cash
6288,,37,2024/03/02,na
6289,,16,2024-09-11,card
6290,,12,2024-11-19,card
6291,1695,14,not_available,card
6292, ,21,2024/10/20,card
6293,42,15,2024-08-11,upi
6294,,10,not_available,cash
6295,482,24,2024/08/19,na
6296,589,18,not_available,cash
6297,,30,2024/08/09,upi
6298,,12,2024-06-05,card
6299,,21,2024/06/06,na
6300,,25,not_available,card
6301,723,25,2024-08-20,upi
6302,,34,2024-11-20,na
6303,1201,21,2024-01-29,upi
6304,,35,not_available,upi
6305,,25,2024-06-04,cash
6306, ,14,2024/03/11,cash
6307, ,19,2024-06-07,upi
6308,,31,2024-12-25,card
6309,1804,39,2024-08-17,card
6310,1624,27,not_available,upi
6311, ,33,not_available,card
6312,,25,not_available,card
6313, ,18,not_available,cash
6314,14,35,2024-08-12,upi
6315, ,38,2024-03-22,cash
6316,,36,not_available,upi
6317, ,25,not_available,upi
6318, ,11,2024/11/26,na
6319, ,20,not_available,upi
6320,359,18,2024/06/19,card
6321,594,26,not_available,na
6322, ,17,not_available,cash
6323, ,11,not_available,card
6324, ,18,not_available,na
6325, ,33,2024/09/18,card
6326,1908,10,2024-09-14,upi
6327,41,16,not_available,na
6328,,21,2024/06/28,card
6329,242,24,2024-10-07,card
6330,,17,not_available,card
6331, ,12,not_available,cash
6332, ,35,2024-06-26,na
6333,1791,34,2024/08/14,card
6334,1447,11,2024/07/31,cash
6335,,38,not_available,cash
6336,1280,37,not_available,upi
6337, ,12,not_available,na
6338,,18,2024-08-21,upi
6339,,30,2024/12/28,na
6340,465,12,2024/09/12,card
6341, ,16,2024/05/19,na
6342, ,25,2024/12/24,na
6343, ,20,2024/06/28,na
6344, ,39,2024-09-04,na
6345, ,10,2024-07-25,card
6346,,38,2024/05/01,cash
6347,,30,2024-08-06,na
6348,766,25,2024-03-13,card
6349,,20,2024/06/09,upi
6350,,13,2024-11-26,upi
6351, ,37,2024-03-22,cash
6352, ,17,2024/06/04,cash
6353,,15,2024-09-24,cash
6354,,35,2024-01-04,card
6355, ,17,2024-12-12,upi
6356,1283,13,2024/10/30,na
6357, ,24,2024/08/02,cash
6358,,24,2024/07/17,na
6359, ,34,not_available,cash
6360, ,24,not_available,upi
6361,1007,23,2024-03-29,na
6362,1313,10,2024/07/09,upi
6363, ,24,not_available,na
6364, ,12,not_available,upi
6365,,36,2024/02/22,upi
6366,675,20,2024-11-06,upi
6367,744,37,2024-12-17,card
6368,,32,2024-12-17,cash
6369,685,19,2024/11/25,na
6370, ,15,2024-06-21,card
6371,,24,not_available,cash
6372,,11,not_available,cash
6373,1771,26,not_available,na
6374, ,24,2024/02/26,upi
6375,1419,19,not_available,na
6376,,13,not_available,na
6377, ,17,not_available,upi
6378,632,10,2024-03-16,upi
6379, ,35,2024/08/29,cash
6380, ,27,2024/04/18,na
6381,745,27,not_available,na
6382, ,25,2024/08/06,card
6383,,16,not_available,card
6384,1688,12,2024-04-17,card
6385,1362,15,not_available,upi
6386,,34,2024/02/13,cash
6387, ,39,not_available,na
6388,,16,not_available,na
6389, ,39,2024/07/02,na
6390, ,32,not_available,upi
6391,602,36,not_available,cash
6392,,11,2024/04/21,upi
6393,,32,2024-01-22,upi
6394,,33,2024/07/14,na
6395, ,29,2024-07-20,card
6396,264,33,not_available,na
6397,1908,31,2024/10/28,upi
6398,1585,39,2024-07-26,card
6399,1924,36,2024-11-14,cash
6400,1618,16,2024/04/19,na
6401,,25,2024-11-13,upi
6402,,11,2024/08/28,upi
6403,1560,23,2024-11-15,upi
6404,969,19,2024/01/18,upi
6405,,37,2024-06-06,cash
6406,,28,not_available,na
6407, ,25,2024/06/08,card
6408, ,30,2024/06/01,na
6409,,35,not_available,upi
6410,676,39,2024-08-07,cash
6411,,22,2024-10-01,na
6412, ,13,2024-05-30,cash
6413,1963,11,2024-10-27,upi
6414,,15,not_available,cash
6415, ,18,2024/04/24,cash
6416,433,35,not_available,na
6417, ,36,2024/02/14,upi
6418,,17,2024-08-26,na
6419,,24,not_available,na
6420,1177,38,not_available,na
6421, ,23,not_available,na
6422,,15,not_available,card
6423,537,23,2024-08-08,na
6424,,17,2024/10/01,cash
6425,1482,10,not_available,upi
6426,516,21,2024/07/30,upi
6427,94,24,2024-05-16,na
6428, ,32,2024/08/08,upi
6429,,37,2024-05-19,card
6430, ,34,2024-08-24,na
6431,1577,19,not_available,na
6432,771,22,not_available,na
6433,1325,30,not_available,card
6434, ,31,2024-11-21,upi
6435,965,20,not_available,card
6436,1546,35,2024/11/07,upi
6437,801,22,2024/02/05,card
6438, ,11,2024/06/24,na
6439,,33,not_available,upi
6440, ,28,2024-03-30,card
6441,,26,2024-11-18,na
6442,,18,2024/11/02,na
6443,,19,not_available,upi
6444,1519,10,not_available,na
6445,,35,2024/08/07,cash
6446,,36,not_available,na
6447, ,17,2024/07/13,na
6448, ,26,not_available,card
6449,1458,32,2024/10/28,upi
6450,,18,2024-07-28,cash
6451,965,30,2024/02/13,upi
6452,253,16,not_available,card
6453,850,27,2024/08/04,upi
6454,1772,15,not_available,upi
6455, ,14,not_available,card
6456,1957,24,2024/01/07,upi
6457,,30,2024/01/19,card
6458, ,28,not_available,card
6459, ,29,2024/12/25,na
6460, ,29,2024-06-25,na
6461,,13,2024-04-07,upi
6462, ,18,2024/03/27,upi
6463,1745,33,2024-04-29,card
6464,355,12,not_available,na
6465, ,18,not_available,card
6466, ,11,2024/12/10,card
6467, ,19,2024-11-10,cash
6468,47,15,not_available,upi
6469,,14,not_available,cash
6470,1349,25,not_available,cash
6471,298,21,2024-09-23,card
6472, ,24,2024-04-28,card
6473,1953,10,not_available,cash
6474,995,36,2024/06/05,card
6475,,32,2024/01/10,upi
6476,257,32,2024/01/13,na
6477,361,10,2024/01/01,na
6478,1110,24,2024/06/01,card
6479, ,15,2024-07-21,cash
6480,1870,39,2024-10-26,na
6481,,33,2024-11-22,na
6482,,39,2024-12-10,upi
6483,,13,2024/02/02,na
6484, ,15,2024-09-22,upi
6485, ,14,not_available,card
6486,1672,11,2024/05/17,cash
6487,,27,2024/02/23,upi
6488,1011,22,2024/02/05,na
6489, ,23,2024-04-12,card
6490,,36,not_available,cash
6491,746,27,2024-06-29,na
6492,,37,not_available,upi
6493,,32,2024/06/06,upi
6494,,33,2024-04-24,cash
6495,,22,2024-02-13,na
6496, ,35,2024-05-03,na
6497, ,11,not_available,na
6498,786,35,not_available,upi
6499,,24,2024/07/16,upi
6500, ,36,2024/04/14,cash
6501, ,29,not_available,card
6502,,23,not_available,cash
6503, ,19,not_available,na
6504, ,13,2024-09-02,na
6505,1533,31,2024/12/31,upi
6506, ,18,not_available,cash
6507, ,17,not_available,upi
6508,,22,2024-08-12,na
6509,1523,35,not_available,cash
6510, ,34,2024/10/09,card
6511,492,17,2024-05-03,cash
6512,200,29,not_available,upi
6513, ,25,2024-07-11,card
6514,443,33,not_available,upi
6515,,29,not_available,card
6516, ,27,not_available,card
6517,,24,2024/01/07,card
6518, ,14,2024/09/23,upi
6519,,20,not_available,cash
6520, ,31,not_available,upi
6521, ,36,not_available,na
6522, ,30,not_available,na
6523,,25,not_available,cash
6524,1443,18,2024-05-30,upi
6525,,19,2024-07-24,upi
6526, ,32,2024/04/17,cash
6527,,13,2024/02/09,card
6528, ,17,2024/03/08,card
6529,,27,not_available,cash
6530,,10,2024-01-21,na
6531,,15,2024-02-18,na
6532,1772,10,2024-01-21,cash
6533,,10,2024-06-03,na
6534,1807,24,2024/10/13,upi
6535,820,29,2024/11/17,upi
6536,,14,not_available,upi
6537,,30,2024-04-11,upi
6538,848,26,2024/09/22,card
6539,690,30,not_available,cash
6540, ,26,2024/05/12,cash
6541,,18,not_available,na
6542,564,30,2024-12-01,upi
6543,,35,2024/07/27,na
6544,,29,2024/11/11,na
6545,,20,not_available,na
6546,697,21,2024/08/06,card
6547,,14,not_available,upi
6548, ,32,2024-06-19,upi
6549, ,27,not_available,upi
6550, ,35,not_available,upi
6551,148,21,2024-07-19,card
6552,,23,2024-12-06,upi
6553,,18,2024-03-29,na
6554,1508,31,2024-10-22,card
6555,,10,2024-01-24,na
6556,,12,not_available,card
6557,1414,37,2024/08/19,na
6558,,24,2024-08-26,na
6559, ,35,not_available,card
6560,1204,15,2024-03-16,upi
6561, ,16,2024-11-10,upi
6562, ,29,2024/09/29,na
6563,1281,34,2024-06-30,upi
6564,1317,20,2024-10-28,cash
6565,1959,27,not_available,cash
6566,1261,25,not_available,na
6567,1946,29,not_available,cash
6568,734,36,not_available,card
6569,,24,2024-10-21,upi
6570,44,21,not_available,cash
6571,847,36,not_available,card
6572, ,16,2024-02-27,na
6573,261,21,2024/01/03,cash
6574, ,20,not_available,cash
6575,,19,2024-09-06,cash
6576,,18,2024/06/11,na
6577,147,34,2024/06/25,na
6578,26,18,2024-04-24,upi
6579,1689,23,2024-04-26,upi
6580, ,21,2024-02-12,card
6581, ,18,not_available,card
6582,,38,2024-05-09,na
6583,,15,2024/06/22,upi
6584,,37,2024-07-04,card
6585,,11,2024-10-07,cash
6586, ,23,not_available,card
6587,,28,2024/10/03,card
6588,1562,19,2024-08-09,cash
6589, ,18,not_available,cash
6590,,24,not_available,upi
6591, ,15,2024/03/26,card
6592, ,18,2024-12-27,na
6593,1794,37,not_available,na
6594,,37,2024/07/08,cash
6595,950,21,2024-08-05,na
6596,,23,2024-03-04,na
6597,1685,37,2024/03/21,card
6598,746,30,2024-10-22,na
6599,,37,2024-08-14,cash
6600,,26,not_available,cash
6601,1771,33,2024/09/15,card
6602,,19,2024/10/01,na
6603,1976,15,not_available,na
6604,1099,12,2024-10-06,card
6605,978,38,not_available,upi
6606, ,30,not_available,na
6607,,21,not_available,cash
6608,843,11,not_available,upi
6609, ,36,not_available,upi
6610, ,14,2024/02/21,cash
6611,929,30,not_available,cash
6612,1502,18,not_available,upi
6613,1354,30,2024-03-28,cash
6614,,20,2024/08/11,upi
6615, ,11,2024-08-01,na
6616,243,36,2024/06/09,upi
6617, ,20,not_available,na
6618,,17,2024-10-08,card
6619,,28,2024/03/31,card
6620, ,32,2024/04/29,cash
6621,1923,21,2024-06-28,upi
6622, ,33,not_available,na
6623,,25,not_available,upi
6624, ,32,not_available,cash
6625,,16,2024-08-24,card
6626,400,33,not_available,upi
6627,,37,2024/05/25,cash
6628,468,28,not_available,upi
6629, ,25,2024/01/13,cash
6630, ,19,2024/04/11,na
6631, ,36,not_available,upi
6632,661,34,2024/11/22,na
6633,194,28,not_available,card
6634, ,35,not_available,upi
6635,,17,2024-10-01,cash
6636,1723,19,2024/06/26,cash
6637, ,22,not_available,na
6638, ,24,not_available,cash
6639,,10,not_available,cash
6640, ,26,2024-05-25,na
6641,1763,10,2024/11/15,na
6642, ,37,not_available,na
6643,,14,2024-01-21,na
6644,722,23,2024/07/30,cash
6645,638,31,2024-12-01,cash
6646, ,39,2024/06/11,cash
6647,,20,2024/06/17,na
6648, ,10,2024-04-15,cash
6649, ,10,not_available,card
6650,407,37,2024/07/08,card
6651, ,38,2024/02/15,cash
6652, ,20,not_available,cash
6653,1020,26,2024/05/22,na
6654, ,23,not_available,card
6655,22,19,not_available,cash
6656,,32,not_available,card
6657,1654,12,2024-02-29,cash
6658, ,28,2024-09-24,cash
6659,,17,2024/12/09,cash
6660, ,17,2024/12/07,cash
6661,1844,10,2024-12-09,card
6662, ,11,2024/03/18,upi
6663,1281,35,not_available,upi
6664,,38,2024/01/08,cash
6665,1999,38,2024/06/16,na
6666, ,28,2024/06/09,upi
6667, ,18,2024/09/02,cash
6668,167,15,2024/11/23,cash
6669,,36,2024/02/20,card
6670, ,14,2024-10-19,upi
6671, ,21,not_available,cash
6672,29,32,2024-03-25,cash
6673,1863,16,2024/05/03,upi
6674,593,38,not_available,cash
6675,1244,19,2024/05/17,cash
6676, ,15,not_available,cash
6677,458,10,2024/08/05,cash
6678,1891,36,not_available,na
6679,,37,2024/09/07,upi
6680,1773,34,2024-12-15,na
6681, ,35,not_available,card
6682,,21,not_available,cash
6683, ,17,not_available,na
6684,,38,2024-08-20,upi
6685, ,20,2024/12/10,cash
6686,1318,15,not_available,upi
6687,,31,2024/02/19,cash
6688,185,19,2024/10/13,na
6689, ,25,2024-07-26,upi
6690,,18,2024/10/31,cash
6691,1963,34,2024/04/19,cash
6692, ,26,2024/02/16,na
6693,,20,2024-09-13,cash
6694,1143,33,not_available,cash
6695,,11,not_available,cash
6696,,13,not_available,na
6697,1032,20,2024-02-06,na
6698,,37,2024-10-31,cash
6699,1482,14,not_available,upi
6700,1548,23,not_available,upi
6701, ,33,2024/10/23,cash
6702, ,26,2024-11-23,na
6703, ,11,not_available,cash
6704,1059,16,2024/05/12,card
6705, ,27,2024-12-31,card
6706,1796,12,2024/08/20,cash
6707, ,14,2024-02-01,card
6708, ,21,not_available,na
6709, ,19,not_available,cash
6710, ,11,2024/01/23,card
6711, ,39,not_available,na
6712, ,26,2024-10-24,upi
6713,1865,16,not_available,upi
6714,,38,2024/03/25,cash
6715, ,37,2024-06-13,cash
6716, ,33,not_available,upi
6717,18,22,not_available,card
6718,,11,2024/05/02,na
6719,601,11,not_available,cash
6720, ,19,not_available,upi
6721, ,22,not_available,card
6722,1837,38,2024-11-12,na
6723,1755,32,2024-09-17,upi
6724, ,25,2024-08-18,na
6725,949,15,2024-08-03,na
6726,,31,2024-05-13,card
6727, ,11,not_available,card
6728,1827,29,2024/06/27,card
6729,,16,not_available,na
6730,,34,2024/08/09,card
6731,390,31,2024-10-28,upi
6732,,38,2024-06-09,na
6733, ,21,not_available,cash
6734,,20,not_available,card
6735, ,13,2024-07-28,card
6736,,35,not_available,cash
6737,,17,2024/06/13,upi
6738,,21,not_available,cash
6739,,30,2024/11/29,upi
6740, ,20,not_available,card
6741, ,19,not_available,cash
6742,1235,31,2024/02/11,cash
6743, ,34,not_available,card
6744,1291,27,2024-08-17,card
6745, ,10,2024/12/21,na
6746,,15,2024-01-02,card
6747,181,29,not_available,na
6748,,37,2024/08/10,card
6749,,12,not_available,card
6750,1798,34,2024-01-07,na
6751,,26,not_available,upi
6752,624,39,2024-05-29,cash
6753,1848,13,2024-03-17,cash
6754,,29,2024-07-14,na
6755,,17,not_available,na
6756, ,23,2024/07/08,cash
6757,,29,2024-06-12,cash
6758,,36,2024/02/05,upi
6759,,30,2024/08/10,card
6760,1448,22,not_available,upi
6761,,14,not_available,upi
6762, ,21,not_available,upi
6763, ,32,2024-12-14,upi
6764,1687,38,not_available,card
6765,,37,not_available,card
6766,721,36,not_available,na
6767,,11,2024-03-24,card
6768, ,36,2024-01-15,card
6769,1625,39,2024/06/04,card
6770,,27,not_available,cash
6771,952,10,2024-01-23,upi
6772, ,17,2024-08-20,card
6773,1561,38,2024/07/09,cash
6774, ,34,2024/03/31,upi
6775, ,17,2024/12/28,upi
6776, ,39,2024-02-15,cash
6777,,19,2024/01/25,upi
6778,716,10,not_available,card
6779,37,35,2024/04/06,card
6780,,30,2024/11/24,na
6781,,15,2024/07/08,cash
6782, ,26,not_available,cash
6783,,23,not_available,card
6784, ,35,not_available,cash
6785,,27,2024-04-24,card
6786,714,39,2024-08-17,cash
6787, ,27,not_available,cash
6788,1119,17,not_available,upi
6789, ,30,not_available,card
6790,851,13,2024-02-23,cash
6791,,18,2024/04/20,upi
6792, ,31,2024/03/25,upi
6793,241,17,2024/06/26,card
6794, ,34,2024-01-26,card
6795, ,13,not_available,card
6796,,22,2024-07-12,upi
6797,574,29,2024/11/05,card
6798,,15,2024/08/05,card
6799,110,12,2024/01/17,cash
6800,1567,13,not_available,upi
6801,1829,34,not_available,cash
6802,,31,2024/11/17,upi
6803,,33,2024-02-01,cash
6804,512,32,2024/11/19,card
6805,,38,2024/11/27,cash
6806, ,19,2024/10/22,upi
6807,,25,not_available,upi
6808,,28,2024/01/03,cash
6809, ,29,not_available,upi
6810,,28,2024-05-22,card
6811,1741,11,2024/07/22,cash
6812,,21,not_available,card
6813,1446,25,2024/04/05,card
6814,228,21,2024/10/14,upi
6815, ,17,2024-07-23,upi
6816, ,33,2024/09/23,cash
6817, ,38,not_available,card
6818, ,34,not_available,na
6819, ,21,2024-10-16,cash
6820, ,22,not_available,na
6821, ,27,2024-09-28,upi
6822, ,25,2024-11-17,upi
6823,,15,2024-05-29,upi
6824, ,19,2024-01-20,cash
6825,,33,not_available,upi
6826,,12,not_available,na
6827, ,14,2024/02/19,upi
6828,1853,36,2024/10/06,na
6829,191,19,2024/07/29,upi
6830,,36,not_available,na
6831, ,16,2024-01-19,na
6832,1814,27,not_available,card
6833, ,29,2024-06-20,cash
6834,1600,17,2024/09/25,upi
6835, ,33,2024/08/12,cash
6836,431,17,2024/03/09,upi
6837,,39,2024-11-25,cash
6838,,18,not_available,cash
6839,599,11,not_available,card
6840,797,35,not_available,cash
6841, ,21,not_available,upi
6842,,38,2024-10-28,upi
6843,757,24,2024/06/12,card
6844, ,39,2024-12-29,na
6845, ,36,2024-07-15,na
6846,,22,2024/09/13,card
6847, ,27,not_available,upi
6848,,36,2024/08/04,na
6849, ,18,not_available,upi
6850, ,24,not_available,card
6851,,13,not_available,card
6852,1687,37,2024-03-13,upi
6853,1993,10,2024/11/20,upi
6854, ,13,not_available,card
6855,1077,35,not_available,card
6856,1265,31,2024-07-15,na
6857,276,30,2024/03/16,na
6858,,12,2024-12-28,na
6859,,28,not_available,na
6860,,35,2024-01-01,cash
6861,257,33,not_available,card
6862,,33,not_available,cash
6863,,36,not_available,cash
6864,,38,2024/04/29,na
6865, ,26,2024/12/22,cash
6866, ,37,2024/10/15,card
6867,1691,18,not_available,na
6868, ,27,not_available,cash
6869,,21,2024/08/19,na
6870, ,10,not_available,card
6871,,26,2024/01/13,card
6872,,37,2024/02/21,upi
6873,,29,2024-10-09,card
6874, ,32,2024-11-14,cash
6875,,26,not_available,card
6876, ,38,2024/04/14,cash
6877, ,13,2024-09-30,na
6878, ,13,not_available,upi
6879,1336,24,2024/02/14,card
6880,,15,2024-07-18,cash
6881,1392,36,2024/07/17,upi
6882,344,31,2024/01/18,upi
6883,1198,37,not_available,upi
6884,,27,not_available,cash
6885,466,23,2024/06/23,na
6886,48,26,2024/07/11,na
6887, ,35,2024-08-20,upi
6888,945,35,2024-02-15,na
6889, ,26,2024-08-28,card
6890,1710,17,2024-09-10,cash
6891,161,18,2024-11-30,upi
6892,181,38,not_available,card
6893, ,24,2024-07-16,cash
6894,219,19,2024-07-05,card
6895,805,18,2024/07/24,upi
6896,,31,not_available,cash
6897, ,21,2024-02-12,card
6898, ,11,not_available,na
6899,,33,not_available,cash
6900,,12,not_available,cash
6901,12,33,not_available,na
6902,1012,17,not_available,cash
6903,1662,25,not_available,card
6904,,10,not_available,card
6905,226,27,2024-11-09,na
6906,,21,2024/05/11,card
6907, ,29,2024/07/03,card
6908,,30,2024-05-08,na
6909,,14,2024-06-25,cash
6910, ,37,2024-11-09,upi
6911,926,31,2024/06/18,card
6912, ,31,not_available,card
6913, ,29,2024/01/28,upi
6914,379,21,not_available,card
6915, ,12,2024-02-21,na
6916,1331,24,not_available,upi
6917, ,15,not_available,cash
6918,636,36,2024/10/15,na
6919,,39,2024-04-10,na
6920,1530,13,not_available,na
6921,,12,not_available,upi
6922,384,31,2024-02-20,cash
6923,,11,2024/07/07,cash
6924,51,26,2024-05-29,upi
6925, ,13,2024/03/01,cash
6926,1021,13,2024/10/18,card
6927, ,23,2024/05/03,cash
6928,557,10,2024-03-27,cash
6929,,22,2024-03-05,cash
6930, ,18,2024/09/19,cash
6931,,11,2024-05-31,cash
6932,,34,2024-05-07,cash
6933,,22,2024/05/12,na
6934,1516,35,2024/06/13,na
6935,,10,not_available,upi
6936, ,31,not_available,cash
6937,,38,2024/10/31,card
6938, ,17,not_available,upi
6939,506,33,2024/12/26,upi
6940, ,28,not_available,upi
6941, ,24,2024-12-31,upi
6942, ,26,2024-09-13,cash
6943, ,26,2024-03-25,na
6944,447,17,2024/10/27,na
6945, ,32,2024/06/11,card
6946,,29,2024/04/14,na
6947,253,14,2024/03/26,cash
6948,941,11,2024/03/21,card
6949,,36,2024/06/23,card
6950,1443,22,not_available,upi
6951, ,29,2024/05/22,na
6952,10,11,not_available,na
6953, ,39,2024/01/15,na
6954,1561,31,not_available,na
6955, ,23,not_available,upi
6956, ,34,2024-10-10,card
6957,,21,2024-12-01,card
6958,,32,2024-06-11,cash
6959,88,19,2024-07-16,cash
6960,,36,2024-09-25,na
6961,,17,2024/11/04,upi
6962,,35,2024-06-20,cash
6963,1588,22,2024/01/02,na
6964,1974,25,2024/07/29,upi
6965,384,20,not_available,na
6966, ,39,2024-11-26,cash
6967, ,15,not_available,card
6968,,10,2024/03/27,upi
6969, ,15,2024-01-17,card
6970,,14,not_available,cash
6971,842,11,2024/04/16,cash
6972,1820,39,2024/11/01,na
6973,,32,2024/06/15,cash
6974,,20,2024/03/10,card
6975, ,27,2024/02/28,cash
6976, ,25,not_available,na
6977,,13,2024-08-18,upi
6978, ,20,2024-06-27,upi
6979,,34,2024/11/21,cash
6980,,13,2024-08-11,card
6981,1271,12,2024/01/27,card
6982,398,28,not_available,na
6983, ,26,2024-03-10,upi
6984,,28,2024/04/19,upi
6985,616,12,2024/07/07,upi
6986,,18,2024/05/08,upi
6987,1982,12,2024-03-17,na
6988, ,39,2024-01-16,na
6989,1430,28,2024/10/24,na
6990, ,17,2024-05-23,upi
6991, ,11,2024-10-21,na
6992,,15,2024/04/18,card
6993,522,30,2024-03-31,na
6994,,23,not_available,cash
6995,1956,16,2024/05/28,card
6996,,39,2024-01-23,cash
6997,37,23,not_available,card
6998,1968,16,2024/12/20,na
6999,,28,2024/03/11,na
